--
-- File generated with SQLiteStudio v3.1.1 on Sun Oct 28 19:10:42 2018
--
-- Text encoding used: System
--
PRAGMA foreign_keys = off;
BEGIN TRANSACTION;

-- Table: Achievement
CREATE TABLE Achievement (Achievement_ID INTEGER PRIMARY KEY NOT NULL UNIQUE, BaseObjectID INTEGER NOT NULL, Level INTEGER NOT NULL, Hint TEXT, FOREIGN KEY (BaseObjectID) REFERENCES BaseObject (BaseObject_ID) ON UPDATE CASCADE ON DELETE CASCADE DEFERRABLE INITIALLY DEFERRED);

-- Table: Animation
CREATE TABLE Animation (Animation_ID INTEGER PRIMARY KEY NOT NULL UNIQUE, BaseObjectID INTEGER NOT NULL, StateAnimationType SMALLINT, Frames INTEGER NOT NULL, FrameRate INTEGER NOT NULL DEFAULT 60, ImageSet BLOB, FOREIGN KEY (BaseObjectID) REFERENCES BaseObject (BaseObject_ID) ON UPDATE CASCADE ON DELETE CASCADE);

-- Table: BaseObject
CREATE TABLE BaseObject (BaseObject_ID INTEGER PRIMARY KEY NOT NULL UNIQUE, Name TEXT NOT NULL, Description TEXT, Image BLOB, Created DATETIME NOT NULL DEFAULT (DateTime('now', 'localtime')), Updated DATETIME NOT NULL DEFAULT (DateTime('now', 'localtime')));
INSERT INTO BaseObject (BaseObject_ID, Name, Description, Image, Created, Updated) VALUES (1, 'Rookie', 'Balanced class.', NULL, '2017-12-01 17:01:16', '2018-09-11 20:39:43');
INSERT INTO BaseObject (BaseObject_ID, Name, Description, Image, Created, Updated) VALUES (2, 'Veteran', 'Balanced class who can utilize both physical and magaical weapons.', NULL, '2017-12-01 17:01:16', '2018-09-11 20:36:29');
INSERT INTO BaseObject (BaseObject_ID, Name, Description, Image, Created, Updated) VALUES (3, 'Street Brawler', 'A hard-hitter who can take on several blows.', NULL, '2017-12-01 17:01:16', '2018-09-11 20:37:00');
INSERT INTO BaseObject (BaseObject_ID, Name, Description, Image, Created, Updated) VALUES (4, 'Champion', 'Very slow, but can take on several hard hits.', NULL, '2017-12-01 17:01:16', '2018-09-11 20:33:53');
INSERT INTO BaseObject (BaseObject_ID, Name, Description, Image, Created, Updated) VALUES (5, 'DareDevil', 'A very reckless go-getter with enormous physical strength.', NULL, '2017-12-01 17:01:16', '2018-09-25 23:20:46');
INSERT INTO BaseObject (BaseObject_ID, Name, Description, Image, Created, Updated) VALUES (6, 'Delinquent', 'Exchanges defense for speed and technique.', NULL, '2017-12-01 17:01:16', '2018-09-25 23:18:07');
INSERT INTO BaseObject (BaseObject_ID, Name, Description, Image, Created, Updated) VALUES (7, 'Con Artist', 'Always attempts to look for an enemy''s critical point.', NULL, '2017-12-01 17:01:16', '2018-09-11 20:35:07');
INSERT INTO BaseObject (BaseObject_ID, Name, Description, Image, Created, Updated) VALUES (8, 'Magician', 'Swiftly strikes their enemies with large blows, through various elemental attacks.', NULL, '2017-12-01 17:01:16', '2018-09-11 20:45:26');
INSERT INTO BaseObject (BaseObject_ID, Name, Description, Image, Created, Updated) VALUES (9, 'Elementalist', 'A seasoned Magician who has acquired mastery in magic utilization.', NULL, '2017-12-01 17:01:16', '2018-09-11 20:45:07');
INSERT INTO BaseObject (BaseObject_ID, Name, Description, Image, Created, Updated) VALUES (10, 'Phantom', 'A highly aggressive Prankster or Magician who delivers blows with extreme agility.', NULL, '2017-12-01 17:01:16', '2018-09-11 20:52:17');
INSERT INTO BaseObject (BaseObject_ID, Name, Description, Image, Created, Updated) VALUES (11, 'Guardian', 'Attacks enemies and protects allies, attempting to take on the damage, for the team.', NULL, '2017-12-01 17:01:16', '2018-09-11 20:49:12');
INSERT INTO BaseObject (BaseObject_ID, Name, Description, Image, Created, Updated) VALUES (12, 'Grand Defender', 'A greater guardian who brushes off physical attacks.', NULL, '2017-12-01 17:01:16', '2018-09-11 20:50:09');
INSERT INTO BaseObject (BaseObject_ID, Name, Description, Image, Created, Updated) VALUES (13, 'Bohemian', 'They would rather assist their allies, than attack their enemies.', NULL, '2017-12-01 17:01:16', '2018-10-28 18:20:16');
INSERT INTO BaseObject (BaseObject_ID, Name, Description, Image, Created, Updated) VALUES (14, 'Spirit Sage', 'Gives specialized aid to their allies and is highly resistant to magic attacks.', NULL, '2017-12-01 17:01:16', '2018-09-11 20:48:27');
INSERT INTO BaseObject (BaseObject_ID, Name, Description, Image, Created, Updated) VALUES (15, 'Floromancer', 'An earth knight who can defend and support their allies. Uses physical and magical attacks.', NULL, '2017-12-01 17:01:16', '2018-09-11 20:54:04');
INSERT INTO BaseObject (BaseObject_ID, Name, Description, Image, Created, Updated) VALUES (16, 'Inventor', 'Builds and uses only tools to fight against enemies and aids their allies.', NULL, '2017-12-01 17:01:16', '2018-09-11 20:46:14');
INSERT INTO BaseObject (BaseObject_ID, Name, Description, Image, Created, Updated) VALUES (17, 'Gadgetmaster', 'An experienced inventor.', NULL, '2017-12-01 17:01:16', '2018-09-11 20:47:49');
INSERT INTO BaseObject (BaseObject_ID, Name, Description, Image, Created, Updated) VALUES (18, 'Marksman', 'Can attack from afar.', NULL, '2017-12-01 17:01:16', '2018-09-11 20:42:00');
INSERT INTO BaseObject (BaseObject_ID, Name, Description, Image, Created, Updated) VALUES (19, 'Sharpshooter', 'Has high accuracy and can attack from very long distances, wielding both guns and gloves.', NULL, '2017-12-01 17:01:16', '2018-09-11 20:42:20');
INSERT INTO BaseObject (BaseObject_ID, Name, Description, Image, Created, Updated) VALUES (20, 'Spy', 'They swiftly provide obstructions to their enemies.', NULL, '2017-12-01 17:01:16', '2018-09-11 20:38:04');
INSERT INTO BaseObject (BaseObject_ID, Name, Description, Image, Created, Updated) VALUES (21, 'Cameraman', 'Specializes in general defense.', NULL, '2018-10-28 18:23:01', '2018-10-28 18:23:44');
INSERT INTO BaseObject (BaseObject_ID, Name, Description, Image, Created, Updated) VALUES (22, 'Avatar', 'Your good ol'' generic self insert.', X'89504E470D0A1A0A0000000D494844520000006E0000006E08020000004939B1AC000000017352474200AECE1CE90000000467414D410000B18F0BFC6105000000097048597300002E2300002E230178A53F76000056F049444154785E45BD5990655976A675867BE63BFA14EE1E73640C3967656629AB54524B5D5D5D544BA559A8AA1B3518A2071A8327DE80C69A7E0203190F186026305EB07E80078C36C000C36498B5BA55605295A8AC212BC7C898DD3D7CB8F39907BE7FDFA8D20D8FEBF79EB3CFDE6BAFF5AF7FADB5CFE0F61FFCDBFFC8D6ABEB3A8B7F6D6BF163399D6D3B5DCB46365B96DE9CCEB15CC7769DCEB5DDD0EB392E2DBBBAE95CC70943BF69BBB26E6CCB761CDBB1AC1E4DE981233B8EEB6CFAB6BAC68CE13A3D3E9755ADEEE9DCB6E9AC6B2D8EA51344715DC7F7D4869D8EE3A80B3564171BCC66466093ADA17B8ECD06BA627FDBB64D6BF64B0A7EA93947991F8EB199199332CD3ACD8E8D36A25A3D8F315DE42F8BA6AC6B1A984E78A93D33A02523B0BD6E742807A325369809746D23F5D9FFCA3FF8870E3A3263327B354326330DB3CDF447736D44362905F903CF0D3C6D67AA2802C1F352AA641C35B16C0F8D1BA5BAAE8BAC71D0A38BA6B3EABA41854DD3A0C9A696426A69585DD1DEE3BF5E469417036B021A187D359AA3F4223D59469E4D33D352D2EA5D33307B379F79A7470FFBBB98581D76ADB4CF8BF66E4FF2FB9EE3DA76D5B625FFDBC6ECA22F218129B5ADDDC80232D746D4D66E9BA6ABAA9A866CAC6A9B66F6DFFD77FE117B8517F332636B54940B2030FA8BBEE8CC480D0AA2C8D7389A15122067C7DCCA9A093B85AC8A3A5165EBF5DCC817B8406818F4E8B96E2CC0B85A179519CF732DA6E1D1B4B5EB06839BA1851EF5FE333D495CBD2C6430804113EC93B0EC666E1BD141279EA0836DA145FB74A0D187DAF28BD64CCAD889EFEA1F58A04ACDC1D18CD5AF81A1793390B4AC867D9A12C7FDB473FA1326240D7222BC8592DC57DEF905E6CE0EC1C4808E768CD1EBB91E2071E9FA8585012F72E09E200CA15147517214281325C8D75C978F3FB30AD001DD12C971AB9A11249EE6A431344734C83BBDD2AF5AEA3F32A132E18F7EF4D308171C6A74CD58161AD7CB748DA48C83D0C28C906344977E455374524AFB0CD4D143D3589296DED4507A476676B2110317655DD5E0CB8C226D3415A8434468CA88CB8B09183DF3D118D918861E8C512DFB77FFEE3FE458367BBE1F2711C8554391834DAFF82CBAD7FC2DB980836E1DDB4704D761484D5B2A9337B25D83998D0C46D75881664052BBA53D23109F1DCB0342829E794948DB58580DA4791D0144ED9AEF607F834AF648A196400F7BE9D5A10DF6E26EEC53BFEAAB157284BF4D6FC6761A141144A66A826C321F2C29D1CD075E1A9506250AAD2A0985BA5F086FDC80DF66169B5D7A21B0D9A406C8F9F7FEBD3FD400E8828E055F41D0E9697C7A6D72758A0C752D83D0B1713FBBE708AAF422A8B512938DEA5CADB44376920CF20E332F23093DB3C3E570384A0CE513706C0B9EADC40B12546612A96147F191CCAD83E941A4D920868181CC6ABB465728D1D09FF156F46A10491305247631BCEB12D95CFCACAEEBAA22E2C9334CB7222D13B77871B0BC8D414A333761DBC84D27159036709166CD21BCD8CB7F0605E62EBBFFCD7FFC5F6079008D1E5CAF270D703CA239AE1453146C005FB4D9846CDC83B6F04B40635ACA3E388EA66DBE6C266A06D1E4F94D60113D6FDAF61017934942B81285321B11A3D4D8212E0D84B70A47A64F63572391C19AA437FD986DFCF0DD685C56C6DE6CC342587B83268898498BE5F153BE9BA923AE66AE061BCF4562BDF352133EAB1FC84161932DCC9ACD8423D34422E89724507752B8E91697755FFFC22FE4EBACCA4B6501A5E8C4671CBB2126A82BE3A241CF19C7FE30EEC97DC585120C34190E1298E02F2C2CE31BC3E1D4421DEED7B302DFF5DD5EE0F24E2C7250A55CCAE80B21340DD39B9194998047664810AB950FC83A062D467F1B456EA6A38F8624180A95B94A41CC9CF04A032E4D82FECDC4F9B0215C5C4AD185461D0C6288D84C81D135369EAE68EE46813C1E0449E36674F9BFC4E6B344858D24BCE89E17B3E05FEBDE79E3174487125B20B2092976EBF7DC2BE3B8C032388863EF25BDC8512BA6A788D5412E3DBA859E8BAAAD2A08B373C198A4B703DFD9EA2B62E558523C62284946B17131B1AD6B13D911971E989B346B662E7FF789A7EA879E510007F259900431662278BF148FB2D038B9015F08C1A466443C54D68AD17B64363A0A1D6ABA466F1A431D7B1A10F5617B7E847A634C9991040020BB2E3A679680552A84C1D00C5FD08DC9C5B447C6D14E3380F1193EF3E96FFEFDFFB01FBB3BA390EF40B3691C04EF87EEA4EF2F6B3BF6DC55516FC73D3A3B5FE5F493976D5E354C8781D50FEF5D1BC29D4A2495FD90C3EF4FA2E9AA3CBEC82703B0A851B00133C90994D8A753F434F20914E43F44A130700C40241E9D2B0A495065696DABF88236203AD707E29EE6D2126BAB5E10C491D7F77B1C9765799115BEDF2B1B01A730D424DBCA5B71367584EFA30F788FCEF9413659C635414C84A30840BA8DCAA45BA324334B49C2A09B1FB211B217A1D110A538D580DFFEF7FFA3FF3409DCB222CFEF404AD3D8A0AC9FF47A36F691AD700B9C825FF4C3B8D022284CF31AE0B185343BF4DCBD49A0B6A401F2830E94A0763C29F42524E9F17C5D2FB3721079F483E3126316793D49BCC672C807B6073E076779BD48E91E29C9F6EBAC751AA84F0024BDED8D422FF4ECB2EDCE52F970E254816D87BEDB0F5CF27FD2DF0A0D923059F622AD973971B2286A7B1CBA91676779B5AE9AA27138BCCCCBB26A487C445DA213CB535C128C49AF15210440548AFE8816B2A3E68EF615DC854AA1D6725126B2C9DB844851A6FD9FFDE17F4EC64C181924AA0868ADE22472AB4A59370E0ED054E96116BA776C789351D2B40196646D69567BBE93A898C11F259CB1BC781A9BA36E64F41DFB62DD80537AF27B7612BA38D7F9BCD81A0410D330128D3256DE5A4822DA35387A326BAACED9EBDB31B44B6DC7441B0B7BAFAB6E1C7B81DB81652804670419A41F70028634514F193502ACF3766FD41B845ED53559D1AEC913EAEE6C554F971987EF8FFCC827A56382D4080DE4C31C89A555D32EB2EE22A56F67598016227A4EE0C7C8CB4CDE024A9914BA03D1AAE440D02682FFB77FF45F2521E6058C9D213DCB0F1CF2AAC55AD440713A08C104FC22AC630406461D8C9795F82301878A053880593942249E02B9102BA6B669C90E588D109EE5EA83420914931AA725B36D22415B5D932291D0D13FED1550AC76BAAC50E1B84F44E9061131DD5EACAB55D6C681936069937293F22680CAB6F31A857698840E95789AFA6D9D359EEF8E0979AEC58C32F953B3CCA4E5884E08AFAE8A9224C46FE4DD541C51E0167575B1A26708A73D5B93B3B627D374B9AE4A94694817C589DD50A8E7C9E195F9823FD7FDF55FFBD530EC4171AB9CA4CD52A8B03A7D6614D242A19B8D36626106A15E9DD8CB0CAEA263294293379907A8C664C08A3D1BE2230C482D9683EA698D2752B9F39DE2154487E406A0A0B5D292DE847B8EA43B1C87417140335B51270E9C17C22B0860B6688411890744117CDC76943C209AEFC99C080969A83B545C480A06DA6444253F35C7AA12E31793255693AB711036161A1C0772C8AA16CDC24E38DBF6D0217589432FE9FB211E8AB2227FD80F267DAFB57A96E7F58895BE67F3F3477FF45F9AB4A1C3E044CCD073687C362FD01D0904F831F154612B08483B08D0C80F900010648195941EF2852C93ED501034C724B5DBA003AFD7F4A4ED0E07C73EABACDACC38707128E18B34C0F4243531616227C78AFA612A2558D8C04E71CF0AE831961047A003C5B0BC18C553C04413A3C45526622B82E5954070B12893B017E3738DB6D4701E18922AE916E2E842A7C54B70DE98420F86A9DB55D5624179190C89B65C071467053392F7E4A53C2CF1F14EEBE1457956D04A7351A9F11FFFE11FBAF27A1B168043477D1F2E7B3E2D2E560562D191520306EF30808A13051660C06C8CE1C95DE03BE68E6470329DF2BF243F55A5A197217441570B545A0AD2514A33557F40A6CCC7C27D680D0A86A10FF6AABA22C6E719B1411909244E46B1CC9474810019C594326602E26E8E65D6E02BF261E11ABBE09B69D165053594A00E65E319818022799450CA71A126E995DA8741813574A4FA074D053D483985BC1D550A9083C957840CFE13C1313426AD1BD10E7355DE43477FFFDFFDC751E08520C406EDBDC3ED20F4BD2767D9F912276F93C05B62A98EBADB0502649310DCC6A3C1A5F0870188D1646D64E328878D2DC9A6B231A62ACD993C0ED5F37553DA034D1C25505EA994082144918A39552C49946F2ED6C4590113644581ADD4A2EEE87D98F82016C533344A2109893D0F92F13CF236829E23FFB1C57AD345C12785760200035B0D5EEFFB467283387C59D92B5DC1F8A21F390D44070368AD488BA70AA18080038AAA430D2685E15804E68D2F78A4EC0ABDC8EFBEF8CD7F0B186E0FFB49E26F0F83AD4148303D991639F6348918A024BA014F7C8A69C271F2216142864DC9134D268FD018199DB243769370E84E0D111479A4555514CAE10109EDA16A3384AA495A039C985DF460CB6095124005D0ED51B4269D6970673F8914CE8B821860F57C272DAA411472247D868447A587F0A3A213164D42815E439B5914A442244CC45295E4821162917E807DD42419E5975A2EEA69E59959A39F1E230D62DE9B35C9149653258496B181260819665985A77A40FA8DAFFF3D8E10E3900F45C1A01FC6714887D2947A57C5AA6A8B5C07C3196A4604E623CDD8E49508B1019FBE4A27321B06945F9BE290E6AD146C7C5F93D51E15AD2A91957576640810160A85980B2CA9E050633F44A003B2F734232B24AA38340B3CEAA8C62C49C05C3538222121F6000890CE1C57506FDBF5235FDEA67820E4A0AFB2942139042F01DD01DD92A5209CA58C4AFED576E85090348B6F1C67B852CBBAB014BD528330571A6C02755196E89D78C3E4A85CECD7BEF677447EC8A522117DB971E24D8643B7D733758116D8F12DD4832E500B87611C294EAA11F5D100FE847DD0A1D1A3A5E02F3BA8193D4BAF6CE5051309B6C8C3783ACA90834A75002542038F7507D512AEF11A5229BAE100126F2D6868340D8637B051A3337DC1C0A4F164C594FFB824F3F76CF80EBD901BA15014459F74C0144137C30CA1925E4776852410853855868479955FC25B695987BE0FFCC921C882403D2DB104CDA0859D11BDF6C8C0B013ED111CB1A54AF6330698A600874A8D71FC7E12A37980035AFC9E3C8536D8B7AC6AF41385C23C05063636015C493596E483AA63B0AC7C8608B819DD205AAA152E50221AF09D1E71991E2A61DC68C1E8AE5635411A689223AD4208EDE89F288C6A402B7B4CB7F060A7EC1A812D324A0B0FD3608CA6931C04042510C63A720BC69619D0BFBEA27E06A5A16C63A2AAB260595966260110876916ADD22CEA56E0A87AB2332BE23DB2D71E7EBEC80A7A4347D42090D54695581ADC12311422E84F2BDB6CF47A313EAFFA061A92481ADC70604CA8C5D42048C6B6A97CC985486E5138F15129A5602296D0015490825C073DA218E6CB5E149750775BCE3A5792A8A4C610A6FCACA15B8D653E6A4C127F6579CAED6D1C0567A14FA6845F6F704F6FD034A2337FB04EF0017DA4C9D29524960A5110EE4F1EA2940C6D4AE7129ECC7B43ED349524B2864EE618E3138A9D38A45231958865A730712DC2F5A11B0793036726D946F8F9AB5FFD37D09AF84BF155FFE81169A402C3C1106A44864AC4A19D5E6AAA48A6945DABE8209017B012C9C97B640D995E07FCF4205AF3929C56884F509B521D9B0A9D748F8DB8090610AD317FABA637C4557DA2E82774AB11533418A585E4473F26F86B0C7CC61CA997B84A4814DA98863A9096CC2E7E602B3A5139AB43B44D16D2676D7EE110D03432E878B3B08060D81277C642D4726C873A610544A1731216C5B18D2AF5DAB8A2BA9681F4E1C56F29CF0B7C829747D2812DA879B1F32633302FA34371972497B4A24B89A7296DE6677AC352C642ECC52128F9C89F655D5563C8A41E20A571444161135E8AA251E4B63A92C455259A034C702B8E466187008AB9E85203822BD4FDC28D497C8D963562DB95414F7B72C5E49F09203DE3B51A5BB4A363CCA1720B2C819728C87766315F7C8D4B39949B482A24D09F45F652AB98920994BAD8AF7CF50F4C0F8A399AEDE68B99BEBE6A8324D2902A7C9C388E50ABE21A439A598980B45EBB716BBE62760A121DC7644C03BD34B14D9FE6172DE9DD208B6D9A210DD125DBA9F847A1FBE6CDDD2B87BB0C797272FEF46C01C793CD904BF4C3DEBAACB34A6BFA12503923295A5B56A260FA68EA723A3DDEDA3D84157492B55E2671EBF9F162EDE95CBE70841E19DA605B409173337B23322F834AF323384B247D465C0084919811BAD6D45AE917CF367A77DCDD9B6F9BE69B6E39C6FC322FB698EDA65F7EE97420A97F5DFDB46AD1BE9F6A4A88D1A84AB9F1880DE7F29F81371D1A5D198D69CB66A3391643E38BC68F0D59B4C4C72FBF75FBBDB75F4195BB3B5B9776F7A6CBF5A3B3B932CD0E42B718DFF4AB7C56242B4A31E032BE4A3FABC5F97038F2A9281DE2644E6ECF80D8E885FA341FA341B98E26413F26E6604BD3AFF6D340DB6149C3C888AE1CC54C4771152FA72F429678D910D10B55D2441AE39F0CB699BBF9A023F57BD3BD3E33678B1CADA238212D9081853786D80840422ED08BA89822F2B3498E6BBE9ABCDDF42CC17F768CD0A4162D79C5FE28F8E5B76F5DDE1BB67545E503AB02CCED9DF1879F1E5D2C33727323453B0CDC49E44E62679288E9D008DEAB40043CDA2A2FD7E473F051484D51C81113BFD7F743DFA578A7F677224FC58F12528563A5AB385AE00A6E1423841A380186F13D02A69C9A8978AE0B636200B205F31BF4887CB0ABA9977EAA4A66A8390BC9E8CA7C302FB6D1931A980D8CADC8A0DC0DBD3435A909C911198A89389A90E04573BD6440146494A997F9BDD1A919E1C517B3998114AFC39EF5C59726FFFCFFFC3FAE5CBF0C1CC288FC2152BCA6A3D6FEE093A739C2D75484EDF1B25EE4D53CAB2FD6D5C29C9A0264944A38043D9D4DCF0FB6B7A976D0484A39D2D493D1602B8AC681BDBF1363FEC457C103BC50E5804655D656C5200E5529F45056D70FEC10014CB837860652C84CA6C640A5E7F9A65475033262F44ECB9EB02AD7E287A60208F34318ADCC6B0F5BD969F6A85955C910D2B694A1852AFC1A8FCFF36CBD5CA78B655516D849CB6C8AED1ADBB891F9CD2FA35B24337DCB97556468050A72AFA1F91B97FAB3D367E7CB69124530337BD03BE924E07CF9D6E1E5FD094CD8E5A7BD7A0EF2D7A5B5C8EAF9BA26BF9B5F1C792EB55D793C4FCFD3026B9F2E73BB2D5EBD361E0F88D5CE7A9D7576B35C9C5EDB8D49A8BA221B7B8DEA19CB5ED7CD8393D932CF96A0A26B939E133AD67239376B4504007B2BEC6E6CFB83486952D9B64F8ECE4CD6AC25AB7ED01B046EECBB28DDDDBEF5962027CF93BE98B7F165F35960303B841DA33D854B14805ECC2F21A123A8F361D27701E830725669D9D49567D5A3D02B48ED5409B4822DFEA017FE6F3E2365632E1711D05A92EAC3EDF817DFBC1C86C12BAFBE321C0D68DAEF0F82402BB7085E96C50F3E7A345B14EFBC94DCBEB6FBD971E5DADDED83C130A0A73C4EC8EEB502E9D9E59BF72E1F9D3CAFED787AFCF8E4F46C95E5BAAEC10BBBA24C97B37EE43D3E9A7AD5E2F276FFD90A95F446B17B727611F964C6415ED9CBBCB97FFF73170E198FCE576D56D5E9C5F1EED6F0685615B5CED6A4597AB03D4413EBB24D75A5149EAE8531673B760701CA20EFAC8527410AA5EB5C06D89146A53769449F087EB452EEAB30E7506F787059796BDBF9E24BC3FD817575D4F57197A20CEAD917EF8C8A345BADD679968B0774B18B2E4C00F4688FE21DB5CA3E9675B8E5DE9AD4DF78EFA54112EEECEE86497C7A7A369FCF178B6541424409ECBAFD7E9244010935D91255D241BF7CF35A707BBF77E34ABF6D72D8AB2CB2AEC9C96E8BF9FC706FDBEDDAE7D3EC83CF4EF726A3D7EE5CCD96B3D56AA115ABBABEBA3B18C73D12AAACE8C663FF60D7BF316CC67DECAA0B168820D3B3B324D4998255DEAD8B3A5DAE897BCB754DE1A0A85B559F3F3A7A7A7C9A165A24D64FE94CD3C679FDDAE060D00E7ACB81B70AED34B052CAFC7ED0F8EDF252BF0BAD22B24BA72B1CAB74AD8AC2D2B5B44022E5BA2D6ACD7229FF8D9726E972BAD3A7E0B5DF79F572DC6BE166109A9722D2AA01A7EB9C04A62A77FADD97EE0E62B7F57AADAE85B3BB6D7FF5CD37DADFFB62E895CF1EFDE4FD4F3FF9144B645906472F16B33C2F44DF8653EE5EDDDE0B11A3B4BB6212359777020F96C21A753D097A61CFBDBAB79367D9C56CD1F77AC3C0A2A80CDD766F6BB4338EFDAEB0B2B341EC7DFAD9E783A02402E4C4B03AB78BF9C327CF62AF1A274ED02EADECD976920621100734F5D0CF032BEB395557E7EBE903B79CDDBD1CC145F73F7F76FFB3C7D38BD3E9C5896BD78107B776EE6477E7FCF4B428E67599BA5DE6B469955D34C53C5F5E4C62AB2917BE5396ABD3B698D9E5DA6E73CF2DAD66D5EB0ACF2ADB320505207A9438C7CFCF813145FE3076F6B7BCE56275F3DADE870F4E0E27BDDD41F4D2E164BD588F92DEA5A1F5C57B3B81DB6C8FBC6BFB5BCDEAE89B6FD5F5E2D82A4F4E9F3DEEFA8755E79E3D7F8E2AFBFDFE783C8EA210D2549260DBD97ABE9A1E8FB143DBFDE0FEF1ADABBB70D062B66AB2F54B570F8E8F4FD12631E4CAFE4E91CE2789D3B39AB7EE5D1E03F5C0ABD6F349ECBF7CF7F6C3A7C75B7DFFD1F1342FB3D2F2AD6C057B7B5D35D91AE2E38BF97C1CDBE7D3D5D6A83FEEBB3BFD46CBF5D96A7F771847619DCEAEEE848F9F9D16790E4D15454E71F4DA4B876E576D0D5C77301E5475E176759A66AE83EB2F9DAE2CCA755B54E97AB15CAEAA72DE6BB232CF1A8E6C565DB5EE55D3469A5D58F5D22E974DB13C39395A2F17F3D97495AD9BAA3A81A22EA6D72EEF8186BDA1FDCEEB37C649B01DB7772E8F5EBA7690A5E9A81F38617F77684DBA4FF707CB7AF6A3D5EA749E451F1F77C727CFB7C9252FED27493C1A8D4868203AA804CF9BCE67A7C747FDD8A774FBF4F1ECF6F5FD22AFEFDF7F9CADD694E7570EF63EF9E43ED47EB0B313FAD4CE36BEBC7F69C8F1CF9E3D6FAA6632EC13D14990762783E38BB947CC258371AD8F3E7D384892EB57F7CF2F56CF9F9FEF5D1A91AA5EDA1BF763CF2C1BF546FD04565B2F57A7A7B3ED713F5FAF6E1D8E1E3D5FE3767BA3DEE59D519BADECAE74AAAA68EBDCB26BCF2793D3D5493098D25E925B13246AD0AD48DD9252B46DB95EA7ABB402FC59BEAA8AAC45B9F92C4D17AB7451548B4F1F1D7DF2D9C3729D16EBF98F7EF2F19D6BA3411C1331FC7EB437890E7787EBBC200E30C6C82AAE0E9D6BBBD5C5FFF77DF8FCB38BADA374FB6291D65576747C0C8906A1DFF3B412C30BF76E1B716D5E5456382AB418EDA095874F8FD6698A608BD59236970F0FE6D3054E069797551393A174DDF1B3E33CCDE230D8BBB4773A5DC44974743EBF72F9A09F0C2661398A9D2FBD79A717FA6556330C41A2E7EA1C26B659676B8AA8F73FFE083698CFF3ADC9E4E0703F88227AEB07DE78D07BE7EEFE575EBF393DBF787E31D7AAFE2BAFBE4E78B3495ABDA8E7F6064390EA5319DA3D66624731A8F0FC9E4FECEF199BA2628A50B2145D8FA655582294DDA88C2353EB294438F8639D81BD2C5DA4D9670F3FEF0F06CB653ABD787E747EF167EFFFA4A9CA47CF8E06A183A916D3D5C90F2F3E38F5BCDBBF818D4EA7E7EF7EE165421451EDEA952BFD648848BC482888179FDE7FF4C31F7FF8D65BAF3FBF983D7DF63C0ADDFFE7BBDFC76F48FDFCC0ABEB726B6782EB9D4F678EDB7DFEF0044170EEE393F3BCAE20DBE97C75723E650BE4BDDD0F89305A181E6EBD7CEFD66ABD7AF4E4D9CD9B871FDD7F78EBC60185FE74362D2D3B70BA4F3F7E04774D26C3240EF18CC532BF40718EF5E6DD6B4E538651F8E9E393F93A87107AC1CE4B6EA39C4E74C4BB385E1929A9265030997EABE493ADAE96A4C8659429E93C918A364AE3D87772E1B419F5B5AE8736B3BC49FA83AE6C17F395EF06E7A7E7F3C594EAE2D973F241EB61B602D8D4EFEE91FFF4C9733BBEDA0BFBDB5EB4C89BF974FE2FFE5F40DABEF3CEC0ED790C8AF4BC082D786B9AE5178BD59F7EE72F2EED0EF183FFFD8FFFB4AD3A8C5B15393ADA1BFBCB1F7D12B8DE74B53EBB08CA8E995B570F771F3D791EF487E082087E723EDF990C97F335CEF6E7DFFF60DCF7BDFEC9E5918F0166F3E5F73FF80800E003D4059F7CFAD9D9C5C57B6FDF7DE5E56BD3F305B55D9A17540D47A7B337DFBA77B65C5D3FDCFEE107D3F9674F74B0EDA9DAB97AF74DE5CCA4DFBAE213155157EA8A66B0568B4C9CD6EE35B6A71F2B682CAFB5FDC6091A276AECA0B5638B0F5DDCF692CE1FE4569277FDC21A74BD81E38FAD606479032B18E655AFEEF5DD78DB76C32D82F0603CDADAABEDA064BA30E6E1553F1E2C57D04DB3B7B3E3F782284CEEDD7BF9E0E0D2709098336F0EF2D9AEFBFDF73FBC7FFF7E9EA704F49DED1D9C619444BEED066110E1C07EBC98AF07495FEBE06DF3EAED6BC3D8F77D878C9524699D65CBE57AB52C078360B99862F3FB9F1F91672DA6272F5F1F7DEF47F7F322BFFFF0A86BCB86A860FB61983C7AF4706767F4FE8F3EEA87E1D1E9F9D96C7572723C9BAFC793C1A70F9E7CE1DEB527A7CBD6ED5D2C66655592F1D9EF7DE3DB185F40536D68BDB8A805388004AD6F3B3AE54A45A6256A1A99051E9393D380EA17CCAA5EA364DC1CA25500D3D4F463AEBD5206CBBB395AA82797D256F5AF413B526B73A58A6A10B8B06DE3A0F73BDFF8A55BB7AE0CFB14D85A43D19AA46DFD8FFFF31F7FEF871F812FB767C844E72838DC64B86615924CF5D2A53D32436A15B23168763424A8D6CCA22C75CDED783C9A4D2FA87691773E5B77AE3F0A2047C74926B38BE7C717CBB22441AA6FDCBA1D04FE83879F51862F566B2A3F2A85D609F3D59C4E18ADB5DAAFFD952F7DF7FD8F21B9A3A3B32468BCC0B7BFFA3B7F4BD298A52AC98BD03F7DC9E34976B4EE2A9D1A0D4A5F8A03428AA42714D08ECC5D8B18D296EA21353617309AEA50C770141B37DE4A9FF2031AAB5EA580821B749D1BDB36D784DC3CDCF9E6D7BEFCD2CDAB837EDF5CF4DF12C2B1E877BEFBC13FF9A7FF17BD7BAE4EC2A20124112F718CB11943209846E42524A856D3C200D6D27E1D42E87CB1DB6E1D1C2DEA11CF7C2F22A48541E8792E1C4F25DE8F0292E13CCF419CEBF6FA71C847AA84E57C86BA29C1C1D2C905B1AEF17A0179AE60F3CDDFFFD7352BC18A9931CC5FAA529FF926B7D752019240A9502124AAD2548788613765249EA8055DE6B4519059D317660D123780558F7CFFCB25FACDF90FBE498906A06D6D596FBF7CEBBDB75EDEDB9B8C87435C147D9911BA93B3C57FF09FFCD7E85D8A00EC52A2E5E3CE760F395FD84923CB76B441D5FCD44DA59AC2768192594A95DF685E0A0CF099622E40070074A4C959DDC16E72E5E0E0D1D1E9F1E9CC605032D2D61CFA62027C4176726AFAA446948A7EF35FFB3B9B799A90631C5567F836724A3E9D5E37DAE12BD861DECC8DEDA8828DDADA36C6C10507DC13F1379B790926C6388475294A95A8B4BF51A5F98DB615561C8A5055E7FCB45F7EEBB557EFDED89E8C47C3A14706D1EB69325ABE6BFFBB7FF23FFDE493CFCD508E1667CCCBEC6444D18ED1A027D44B661D47B108136CEC8DC17023CD1C7DA01033B4C4D49216874865E4152F5DDEB976E5F0C193E3FB4F4E4D1F7A6117DAF24E3354C291147B684D66D9BCFDCE1FFC83170A79817C0D623A57BF669252A5D92377D934D8E842F3EE3A9D22FB590F468F9BAF9B666856BAD3D92BCD875455A078B19711D58FBAE667A34854F9E6AB6FBE7A7B34E88F49D1039D0460066CC7218E9E9FFE37FFFDFFB0A658B05D2873D30F2FF68A765EA81579E98F6FB01043425F7C910DC59B6AA4ED744B3349D5C11E9582D5E6B8CE1924DEA5EDADF3D9E274B6A6F9CFA842B3E5C34FE7C88BA2B9D6628290F74235CC4143E0689B0BAD8D136B9730C7367D76DC172ADBBC6F3E7094D608980A1BA5B4BF7C6DF6D2CCEC949AD8B649B937D3666E6A61DA70A4E94F171F48DF685C114F5501079A1190A4DB198FBFFA57BEA2CBCF7572E42F5F20D70CFE42B374C8A10A680CA2BD2E038154DD47C02CF45957306DE6C9EC05353EEB023CACDBC063BAB46093B2EBC61F5261ADCBA21BF65A5D4D7BF69A1F8B7813C56E1829B421B09A6BDD4197AC69E674C00CB40A62B62090B6999FCD120F5303681BA169A03E24044CAA174219B4395478EC95EA35CBBF043E2F76C3BF3DCA00F349DA3603A1A37E1CC336988B6D74C650489267C5928A6A414277F9EEB56BCC9603501387D01B8372388DE5BF2253BD184EFBC4C1823C1F69AF0D5A72D78BAF2F4635219139334FF6873DCA1598CD74AB99AB47C22FBBD44A3F7A19013814D2179BBB375F7E83A9578411F6A0820D9A2C5DA8C910D231BDD00DA611B4D865CEB503456CA4CB3775E31513924C4C498ECC3797AD388611847458EF9A22C9806EDE2B3539CBC22A6C44088EA52786A06E2568BE7EEFF6D68480E3F9BEBC1BEDACD7D9F1F1F3B3F3F3E7A7E7D3F3338AD1E52A2795A3138EE565B421B56EF0CE167611B2D8CC575ED2A8796DF622CFE62B1F3850A3C8039A9F1B2A7892557EF2F1230AC746D19488840D942A6C86A82A5DB62AF5A22D63517C5C8E76F3F57775ED9DF4A40B6B40214102FDC9209655D00A05B1832F5223F32F714B3A11D1891F605505620151C4814FC9C2856EA5946AF9AAAE3505998E067CD4E5C8D2ACDAC8A4F80CC53FBF5AC5B4D7EEBC34994C105BD95CD72D57D9E9E9F4FEE79F9F1C9FCDA6F3F53ACDF322F4754B4651D40C842B86BDDE883C46C20A68984FE3E1733AE5AF880A1C8DB728E0186323338E2C0531A8C051F3B5773D720ACF7FF3CD577FF0FDF7EFDEBB391A8FE6CBD494CAE214D50BC6381B44D31F87D295325386BBF5EABBEA9AC96CE85218840B9436F2430B69C4BC2017FAE14307E8F8A2F3A575A9EBC30CC83A2BCB728CCD0E326D5E3A0DE5B8066EB22A7360973A456E002838932AEB524D291AF3CA5C9094FBC63D65C8F01AA2A7693E9D2E3EFEF8E3E9F4C2ACAD28D7C3101C3EECF7FB71C4C0455E27D9F2B65DDF677CE3AF1C1BFA0116D41522442815004E4F17B3B881EA5187B4406CD85334E3239D18C475A7B5FD7C952D176737AE5DBE7BFB566D3BCF4FA768078588E4490E88B16D47428E1ED842BDA0AB814C4AE3DE7AE54D3AD214A50D48C4A34B588C7DA891FEC5583A8123186137CC201D5170602CDB094300D1F33C5DC68C436AFEF4EEA18AC040810EC488E8940EF8CC1074C457AC89072B98329222206812667DC77EEBB597E328E46BBA2E3EF9E4B3C78F9E52A20064C093661950650CFA412ACAC5049DA191BC88FBFD4769C1748DD5DBA214571867B2AA52279CABB6CB8A32C71FDA463C80CFE8465179035314E63CB36AA35A7075365F7EF6E8E462B6D6D28EFAEC50BD90283F231390B779CCD150877AC09FEEBCF6EE06F2B413740D010B80062A3EB9BC499249E2C22016B0052040A6F825B36EF26073FD11652C3E8B36998C4E7B312DB48EFAE50E1849E9712006F40925260C09F55886696321C6C70CC3247AE7CDD7A230A26AFEC18F3E38797EB45E53BC65C8804410280A552CC21EBD1E6AC9F33503EDEEEF677E50B7C66C18CF763066148408801424A73A5C39AFB9530BD5C87E6DE0F99AB382896C0E6CE1334CAB7901385D622597C68F8A4AFCA0E96E22F04FDD8BB9E3A89EABDB1471F02F981867A6C264C01AA30A4EBC640E0E441C3A65266C326E2832920AD1AA884316463EC00964A41CD467144A4B89AA8A4D4DD503EF08A12A45B8A645E8E9838414EF3AA341FCDABDDBA0EF073FFAF0A38F3F52BE84619A2E0C2371A0FC513D630F52095195A1DA9EEFC7713C5FAC66AB549DB62DAAA4478613AB2193C9A6F9846C4C3BC426F220176DD220F03C5D66A65B3A8CE10517E9018AC8749933B1457765D1A1A669AE1937D7B3791C0B56D104BCE184013DEBC24B4636051AF2D63D5B178691A7F0554693113003BF7187060B5171E2F2C47DD125114D17804B52548F8A984A55154D53C2224A0F74BF624BB2456F9BD8A793E91D44D4EA0A60C7F17599AA2E370489040EF10941B2CCD7CB9419916B32EE7ABDCA083745916519D827CF6334A56B2533F5289C67D3E9EE20BAB6334AA2208E9995C0A909C8C96403BA55B6AC29CA3C1BE8E07F722FC9A3949609800B9940F8A2119F5CDDBED1D69EB95B9671A9C1CB9232D79125992A93AA9BAC2CDC7B6F7ED108CF14F0683300BF0564F5A6F7CE82A0CD514AD7D58CFF26D1D17ED180189017B14012E3477268302FF7917F6D2E455639ACC0CA67A5475D6BEC297FD37C6D2BF6FDC8EB8D4683976E5EA5FF7ED2FFEEF7BED74F92C12099CDE73006044A6F261729759CF1069C17849974904974BA56CF5C14080CC113C3A146F8C0CCD9BC74AB16E651DC030C821E733785A31258736B3D87980483A9D0F0C54B876AB68632C80DEA36CBCAC58AB85852414280A40BBAB8023D1BE13467E37F863B8C16F055FA955949C1606BC0EC0738084E210F47E70C61E81556D5AD2884AC469785D00DBACD73FA167A80921C048FB36D8033EC1333420965E08C56A4FE1E00F1681D45F1603860D362B154A8D76955E94AAEE7385AB02973184B1637E7E6E8BF28C9260A90139A4BA68130E3C2C2C88E3EE8432790656C0210D4ACBA4BE1CB288926E637C935DAD3DC914807F295A999CC189D801008BF879554AA28AB630EC3248C74857C072ADFA50B8EA5297140BD9B8482A02EC51914612063E40AF83213D4C6B86888698002B5300E611A2BCF02BBCC5158302EC5160884B8CE6E695A5740BF308EE95E30675EE6B33DEC27D70EF67B649475F5F0D1E332CF40DD62B95CAF73086CB95A92E1336D3C1D3CC24EA1D226A5AEE89706AA175C97ED846C78543ED2EAD10D461843C622210D2ADD19D9F86A5EF25FDDAA65C28EDAE93616536ED1D4DCC2C40B40287C775A6232B4AB4B6B7460D512C1DFA6258D78A73FA68EEDE81E5328FF301366606156A68230C866C197124FE30AF4432BD94D4751AE30495F991A2F914A5D336715A2486102B720669658F840971C4C4B30A5B4BD6EB6C6A383DD6D7AFBE4273FC110F3C53C8EA34BFB078BC502D0339F288A68C307399BEBC0038BF91451D1E37030C6D1A230C08DF09B8BD982194948C9224DA24366CA81FC37FA346A94AC6AC217A1DE100E7BD8F2C2BFE11FD0035CA035F3C4145A9282D1987DD005153C9FDD2B775E95BE363D196C61066D90928C127580BE3128D8C173190C6575A264C6C6DFB51046F5F1B3B449F3B44084D60E0BFCDAB1622FC00942D264CD44D8DF742E6D6E00A281C0786F77676B18479F7CF211862628CB0C4D331A0D51E87AB5D8D9DEDAD9DE569E00CF8421EF096CDAEF9F3C3F89233F4B8B83CB07775EBA3E4862799563A7B93C89DEF5C6DC74FBB45E4C826F34605C28D7BC042E6088D2F880313844F10D039BA41A45C2B81B5AE5F852A7B074F12CB6C18DC985DCDBAFBDCD3874C9FC8D0A85357A617854437E83E21895171D827350467BDAC8AAE640B3536C8CD36DBE415A884A5FB419C531C70776F3C5EAE2B6934F3B37777A789F9C6813131A158B08440F1CBCB33DDE1E8E1E3C7C48839E2F07A64F0A01D4CA3B0D3800082BD6604F0F62A59A22F50920FCCF3EFB146817653DD9DE0AC298CC61BE5C325D6089CD1535A43B3E486CCD515CC6075C7B83257D96A7F145FE8E5F6E885A51520A365355FDA83B2FAD759A4AF91B881360EFBCF136D350F1A466184A7442974A5250A2F8C4C047975BEB24AA76E302365158C98DEEAD6058D22E615952D002461776955DD915E5B0635367BDF78557AFDCBBF3F1C5E23C2DC87EE890AE319A1225AD4B41535AD78943FFD6F56B4F1E3F31EE4EABCD834CA4417AC4CD99A6322A93E020182F06E3E5F7C2E974FAE8E983C9D6DEF9C5E2E1E3A770C668343A5FE0E6A270E36046952657DDC09397914208A5C3429CF68243F9CAE84CD3ACE298E6527747C095032939259B24E0A0245DDFEF1EDCBA8B5CEB7445F708BEC97B31239A35D323ED5249C7D8ECE5186660D8441300B4865EB4FC274736DEB3013587B20BF3E9331D96D9DDC8F6EBF27B4FCE4F576411BAF37B5D9469512C578B7596C26148AD9CD7B2AE5FB91C863E45775516CC06FDCA092451B3B98D89B48244929E012E23E25C86CD1A40FCE4F1D3B3D393C3832BF474F3E6CDD178F2ECE498688B3D9883611E8E234F946E8547E21546D392151A313061763AA3B5F14DF9AF36A205F0218233A587722D95A73AAB56D4CB753E5FAEDDC9C1D5B2288856808EAE0CD4A52C50859618196F02AC06677CA348D25DF4FC08B6221DA9955093939D10FBF4581D513BC0DCC42572ADB2C8ED8BB33BEBA3A8C83F4EBBCC3C934D98D4ADFB5475F02FA3ABDE208D41B8513F3E3CD8CFD2140C2AF4C9B710BA04B5E646540BDE44BD6C6117DA344507B28003A5BDE7E733CA822FFEDCCF91AEEDEE6EBD7EEF36C638BF983101C6052AF483EA910D58E8DD0407BC07939327D203FAE55D01C838B381ACA861E3913883BEEB05AD295C53E7057EE8BEF285F7E0C4D087E0316A80A6C01A16826894374A57A845DD1AC4BD5834DA24BCE683D66511C694535483FC567E80D936CB7174A5A2305B5C7FFABE7FFAF07D6B345399E503270528D7457F832421E0322F4CAF67BED4CDB5AB57AF5DBBCA7CCFCECE98143C69B029438326C62025A26B3E3345FA41E324AA144250E4723E27A507D12FDDBC399F9F5EDEDF01730F1E3E423460484BB808BF9346198077624BD364020314AFF9310A7BA54D22043491AF51391033A6A8010226CD4C6D4692BF48F99DAED2957BFBF52FA0828D614D60314BD0C617B0C44677184418528D655269DDF62754710836613C6C87EE0CF93AE4C9A9CEE0E74C9EBDC6F624B4651D842783FDA360E404918800C7D43345945D312363B1DE62B96006E0636B34246A5FBD7219A43E7DFA4C0F17319522C166BD5E832F9442FF841D0C0048417F9EE5C3E1101FA23ECAF234CFB2F9EC584B47831106FFFCE163D5337AB0816E3ACEA10E25D1AE345BB5E6C2E21E6514020B2152223F8EE8857F3452BB7A3D9F9F1F3F5B9C9D58CB55341A9E9E9FA1505C1DD1E9DABDF3FA173417A944ABB0E80AE1364429C8303F410D80EAC5FC358859D1D17D7986C5746732A3EB215695E984B80C542B4447B3605C8C01C125C3953F5C295CCB222099A3310BC341E49426F4CC3E3395CEB3BA7E3F01CE8341FFF8F8080C3273FA4C9204E8A14ACAF12489F23C1BF4FB1038BA9ECF16D4485AFC735DF22322FE9D9B3756AB555DA697AF1C3C3B3E397A7684AB323A488EC27034D49D72100C14C9278E332B1A86C5F065E38506F58AC2908999AAA35B75E3B88B035D0741A2FE62954BB1C4BDF9CA1B4C5E53E538732105DFC880500113A3473468127E662A3DF266B88B9774491463EE5ACEB0A84072DC01DEC482380A2AE1308C44FF8A3C16996050891A242EB41899636990E5042DE568344742545664D9208A756BBA21817E7FC078E885E19912F0620865B3AE8B737118EC848A232689D974239F3D1E25E3C9E4DAB5EBBAE6185838DDC9B367EBC52CE98FC411005C8FAF695F2C1A2A5326F5D237E80E64284F34E0E11712B4C5CA0BE3D160D40F432D1A7B21F02293D6A97373EB0D71DABD7AE7153445FD9A131C14D7E5C808875BA21AB4A08951C0B802970A26CA29A9DBA63D5A10E836315D859693508EBABD41DC07F31CC2DCC4DB269BA3760C91496B97E20C62023364389250B48F2C601C53D0E72A4DB5E053E624E1E8280CA3EDEDEDC964026F521DA259A536B6340BAEE3284A535C1E5DF88475ADAD996880CB1B4A2D7676778F8E4F9E3C7AF0EA6BAF9D4FD7BD906A28800C918AD9926490DB20207661E2284A8F89A2CC35672014656C3B5D2DD2E32783AD5DB08C8BC6518891232DE2B908B8351E041E3246EE9D37DFE500E0A655621362D0B14193F22B03995C58A45F6066A00C5313A1FDC007CC900E591E9C4DC98C7115E2A47D721D2DC7210D3D417F8AD1B6938B113093920E1C192281561019F90879443C0DAF3B4303E512652E075188F76077101285FEF1C973843480B1F101CA4AC603BA382005A53C4584AEDBAF058AAE0B038F2C1F117FF0FEFBE86B67EFF0F1C973254F267553F83117C8316F6681AB223EF919DE0C32903B5BE7AB754666B02ABADA0DA02F7C6BB64E97842219BE066D4CC7ACAC3BEED57BAFCA44A6E063CECC85772049CA85D06C24B6F6B4522FB56A10B3165F9515C49E6729A294EB4C510035E80C9F5D56D43C623DC4A26770C1811C4D9E54132B409F12913685E7CA6A95F13B170DA1575949F51411062FC13614F47CDF60E3FCEC7C3E9BE2EE2727CFA5AF1E593F86ED381CB01082483FC230409B041C46D8DED9D9DBDFDBDADEE90F0600737B77EFB38F3F1C0CE2AC54168C4FC899C4EC7A560EA310F1F1862CABCE4EA767A7176272C406DDE0224D93D128EA0FF064658DBA9821843BA1FB8BD9C56231D7E43DDFBDF5DA5BCC1F03A2F294546E492A57A236F0233E6CA934D11911053767CE70BF4E72022274258EA16E6975DA0FF5880A945D2A28A1561C70319B936380410CAEB5BCA6218725BA9B2114E520CDC0F3E1599520C2ABC8437621FE900C17C03D45CD5114AE57EB9F7CF0D160D8A7E56229D7A68D29623AF8A1DFEF232A5B80279F89C8939DAD6BD7AF4549525400364CE284D93E7D787F3C1E3D9F2E7019D22E89EAF6A210E46AFD1FF8E33E94A793C960641234FC594103F7C7F369A0D246FEC9D423BF17FBDE0816EFF747C3BE4E485C7FF97586D70C535DC0691E4384D9F858E545B65CCD51D0A686054E58020D12D1510AEA152449E0F114DCD511DD84783D50C1364A121D78C98824BC908284F2F30069D68B253E8B10C37E122BC0E93127D013BDF99E1D8708A91C951CB7582FD629959F08B0B59AD3D30B8477BA66B55E53B24032446AA040CC85C1C07112C7E3F1F0E0E0D28D9BD786A30978206723D58FE3E1471F7EA4F2A94AA7D3F534574E0934005741515F90B4688E04F124923C494460517D4C84AAB295A935F5A03584A7264154DC9A7D789C4E4EE84C97E3DE79EDAD9E439EEC4730691491B82953370B19D0B3EFA386086A378B76E6FA34B489ECB61E8B134754CC7E18C3C2411244090D690A067498DF4F1260028B9BA952DA34EBAAA230C40C288AB4C6948900D16620B33E60F5118124D79C38E3900D4DB759BA5EAF80F9D6D6D683070F088A3B7BDBE86BB95882A0838383375E7D6D676B92E6E9CECEF6E1C1DEE5C3C34B07FB4932842C49723FFEE8639004697CE73BFFE2CAE5C393E3273B037F7BB2057FA128ADDDC68A19241669A9E7869121024F8228AE66622C19834B9184E2A6AB34879E743D0CAED92D3352FB6EB698C379F881967E372716682A0BEAB3980E8839960088B515914CE492A6085621C8D22E94C4513AA96656983946E77BF062536B9A2515C19658CF4B7A51E4DFE4A04E9AAD572487ECD652A3A3FCB96EE178BC9B97AA66D70523D8C7116BE234E9683004833FFEF18F07C3C1EBAFBDF2EE3B6F616B6A01BC0654D46450E91ACE819898012312F1A6D3D9A79F7C0A1AA6D3E9B367CFBEF4A5F75E7FFD8D278FEF072E219149E9541A6E073F017BD4814323F9629D4D972B1889E25AABF04D4B0C696CB7322B8760A236CFD3D1B175154709B3AACBCCFEFAEFFD6D84C79D5185491B6D0427F2E062C21262E1A73D6228D51564AFE50365B068435A547B2D8B8AFEA91F94AD62505592A692CD732C5D7655130DFA71442E2DECE9F6D9B2C4239012009278E8543A452C96D03335342CCEC354E94144099F645372238C3A1A8F9E3C7EE6FAEE97DF7BEFD64B3718FDC9E3A7FFEBFFF24F57CBD5DEEE0E4625742409CE9188A3F44C39278975451C2E85506FBCF10613D99A8C4E4E9E7CF4E1077917D64EB42A757FA88C6C1E9B05832D5269904C85B9031EAC8D7F3335308E5E3127AA84D47179719F2E84232035F6DFF8D6BF6A86690A2D9A310B9D8700927C44143E5006B09123E885961A5111074F570A208195EFB438217B55B196998A5573B6067D121F3CC783B3610A221F64830DE05693C2EA5964FD087AA64290AFB39D1E3954ABABB60391D19AC3DA2AB7CA1536DEDDDD3D3CBC7C319BCF2ECEBBB6DADA9A3C3F395ECCA7AAEE9A6667F7E0C6F5ABCF8F1E9F1E9D1296953C348D068E445FF8537F3CA1B8C47917CBD9E1DECEC3A78FBA5E50BBC3BC52344741CCADAE8B4546318EA4646C6DE4E921387849BF1FD18004482B6BAE9DD60D9AF15D5D1D84C3ADB3C2FED237BE599539E912A5097A960FC709C782534637A1BC26CB23F9476B225DDD5182E4CA098D9EC922EBF5729515196DA52883C74017DB874A8F1CCA73F0AEC712B29D43B49BAABC285016ECBC790892B7B18DF245856FFED765BD2E0AA99EE35D3B54F05FB2E7F69DBB04DF0F7EFCA374B9C0CA8460F90EAFA6F2A3E857BFF95BA0F5F4F9D96C7AFEE0D38F9E3E7942E24170D1450B66E5D4AC6507A3F1F0F2952B14EFCBD572B65A1CCDBAA379E6FA413F8AFBB12E546AA175A8DC3C206FA98A3E0755444F66472088CC529B526DD57E1A1F25D86F7FF5EBA010C22389641BE18898A0F53CF255814F4A64824ACF458CFCD6EDC900D01C2F3EA47C463902AD32AD0A0C527810BA340E07EA5815E3B20460C59F7B3E5895BAFDC018A6D25A806E68476318540F095B14856FAEA2049CE4B2224D0B68AEF274810711623785262E613C0423B14109F3786BFB5B7FF36FEFEFEF93BED1DB6A31BD383FE37DB55A92819D3C7B7471315F2DD18C4E4061ECD1687C7879F7E8E4227787754FE98702882A5B4D18524C733AAEC81FB2BA59ADD638938AF730848B991FB3D1F56AD24663FFD26FFC6EA92C5FEB867ACE2F282044D11B5AD4D5B11DBD9338D037D3325FF50C0FE083F6E88303753244C5269D68699D8929DDFCE9E236BCC95140619351C38652A8B02BE234BC0CA2BAE57C81D2635F502609C25BC937E96A4D3921A7AB7789B25DAE256A2304B14DF9880252EE4521B2B289E217FBDE7BE5CD7FE96FFCCA2019AED3124F00F5CC1F7ECAD2ECE2F9E3E9F4941475365BA21725B16E6F9D67A42156302AB5F0E8008C655E11D0133D7146B5DD7A45011ED6964E4AAB72516463A2BAF3DA9CED35E73048FEEEBCFEB659A3546284828457A06BD680E90815A1530341AD33F35210A66831E727345B1AE94E41D5FC422F2F9354720871439B3A8BC44A4EAAF3E98A96404D5E2BDBA0137A6648815F714F8FBF0408257CB1CA4A3D7B40598A25F5C265D9B2F0A25E3CF223DD55E72783CE0DCF1E3E1A5CB9D1BA70511B26433F1C680DA77376B7B7C8EB9604E2128A230253CB07C96048BEBA5EA6F3F5BA6CDBCBD75FFAC5AF7EFDE1D13CD555DD626CCDCFB1098078C862B54245E6E661A220B269E11588F183E7930EE32B249A5A576F3BF23FF7EADD57842EB38EB40920CC1FBF05423ACC7609477CC595E12A820783C1B238350ADE2451A00D356A09C18C813CAAA6758586E286B10D6D5BC81BF46A3548619A5DD5F4FCA22C723F4AC8DEA45E2DE3D39484B930493E5D6311ADFA914BE7AB55B59CB741FC42306287D76BCA6671F46CEFDA4D6A782F086DA28BB4D93F3ABB40C64B7BDB345C2CE7B30539B6AB15AB4AAB1B83F1CEA74FA74FCE52F2FCC9784496FFE1832745DD3129A51FBA06534023806859B72406B8ABBC58A619992661C730BA180FE9F040827948F421C2FFF26F7E4BC2C923C11DEFD846177A610C6052A0435DCFD89070A3FB28F02B48A8AE20548AAAAA63C25D1CEB11B618CC849316BDE7696ADA68A55378D2D203852C694A1F3C72A0DC51A72F6B989D9C10E2EC6D16DB05CC36A3FEA82A65EAAE9E1C167A20DBC9A6336B31750FAEC271E68FAA3021F7F8D34FF2F3D3CB6FBF43946666D027952686A48C031C6FDC7BF9EECD1B28F0871F7EF2F18347E37E8CC5D12FAEFDFC7CA685BDAE05B9D81BF727AF338B7A8C45942206A22A2429297F15061C4BF934A577AB5B287CDF8936A755F095AA524CC7C3FEFABFFCFB8A312859A78A1C0A48C229079119C20245A9DB3E892250A9828AEAF95E888E943039A2768D112BE2B4C4129504A254DD20862F686584C8A0E0444E8AD436E1CF038F8C4789492FF83F715BCCADC8A3AB6985624C49172AEDE0633DE10C152F8F8EBBD9E9E4EEAB1031B8105334CDD3F7DF0FEDF6D2DBEF22118CCFAC80B19E9EA90A1D6EB077B777C9322FE653480376230DD48048A9BF10020D695D033C9B8BE9F0084CAC8BD9502EB4834B167945456B2A630E725AA2C4E67CA7399023C89A311EB1328A03C2CEEFD545BE5ECE512569394070C98DE5690C47380FE461758397145541C4097CAFF3A0792293A5653BDD9BEB31C22A5BE7859E0349C59950D0699D49CB811925C86A290CE1FFAA50751328CE4F4AE15A5DE01319112817536A6F0FEF6202C8AF27FC694618548FA4AC8E9E794DD1BF7DC7F57CC0C2D4D0DAF4E17D24EB5DBB47D9821AC0149DCB84226B95551883D0543665D7003C4CD7839DB1EB725D30B7848A9512360C690503E8BDB58B1A0832B095D598D88608A9EBC9FAB4926F4A6704C0B7B41086D04A8640B41E2E67FFF2AF7F4B897541CC2795079F1DE4C8A445BC3EE0AF918C52250842956302B0390107A11A96E67F9A17E008B7C57A8A253AA1ACB06380DE2E570B520F14077060052260A24598804C43CFFF81A0D15DA1A7643325F6242182FE3403D5854A840715E8D9C3FBBDB64EEEDCE5B3B9A5093DB5F39393E2ECD43ABC022495EE6910763B599EC130CC864E90D6C47C973C1CDE52CD804FE88A2973554F51C4098578B0D4735CF59C0E125D5254C23DE1B9E7477211ABEB2BCD37E7EE75BF319CA547BBA045948911157D99F8D77EF3DBE8000D3130C3436A640FCA620CB075B056857D931EEAAA0FF19AA3938B84121375C42448C0CC48A7401FA243F0809ABC0631901C87436EF804A7A13DDA413AF86EA5C78D97E43F5A575066D3281B559A45AAA98548400A6AD003A0B4CF9F1371D2EDDDD57A053648B387515C2F1656BE0AF60F71073448F862AAF81F62E0A3D8823499D1716E08C44CC4D595F194D4BA4951E18B17E025D520A61435E0B5CAB61946011BC96B000CD0530AC0775DAED2A362D1036A54E683362109E07B7AE09063FFD5DFF8364687FD81BD6EC3A47B8526C5269420B704671C818C7A997AD3DCF7028FC96761175DEEC55034110274A04EE12B7D45FDA234D2575DBAA7E5804267F57425AEAD1B8904619DAAA443E8AF51728E81B22C433100B302DD552392757BD7DCB617279FCE333D085B792539A1532F9703CF7626DBE2568E54412AA7268B22F11CC4315E9CA6799AA99E85FB8811F020698517F8044CF89629E9FE46A999128138E995A559CF16F9DB611041B562229AE9140BAEAAABE8159799AFD20B14C7E7868AD8BDFED25DBA834A05320B04155A6C475041C5D5697CC404EBFA3B157AE603931719C97FF5DF38B598108D284554CEBAC9C3B51285DC1CC2073123ECD0EA79B2780A8C8531108D63800B2908E60399B4414A8CACF5415B4F25859105B2CEB9B3335E590EF93A7B09B4220CCF85E519BA72E00D1C057AD5559F381D1CA5C72CA01D81873409420C0691AE3AD239173F1C0F06F0091B46FD01EE87B3E92484226743E3FE60B03D1AEB64862EC5F7D0045346D4559A9E4C67D882906DD27B8324010C34B5F6977EE9AB26170265B5040C22BEF0193B9154E076E255694CCF29E5C557C6C03A40C0A052B9375B6177C294B4CEC13A2B90CFE6E724628CE7F542D220A6489FE495BA1DBEEB9664A7759B13703C6FA00E09CA2DD44E64278E01301ADBFA737C382043583FBFBFF7E727E77ACE3C4682C1650A3B7D7E9A0C633B14FDEAE224635DCCB2CE4BC60D7ABDACA8E7AB146947FD048223B723EB101B29F828E562EA961EB2481E4252EAD9AD53B64A03B02E1822D950B92D3F2B39069D69D157CF18264D68C783BEF046F681A321EF2FFECA6FAB14D4CB783E2F1C007174075208809527967AB03753831148449439D18304A299ABAB773D5F9D75BAEA106FD2C948DC47174C4176AA48D123862304923352E0C47A3E10ACC47C88E65ABE5681D2B594C63099960D750928F98AA22DF61A25C95FBBB1F7CF1E9D0179FEA107EC871ECAD3E793FD5D5D112047D1AC303B6457943A31433C7675A69A9D2807BD5077891D613B2C17F862565C66A93FB1A6AA1704D38016A01EE5D21F5E85AA4920C5BF624F2A6E6626810115FE296AEBBAAC3459E0A51BB7F042D2A3C582BA74D9EAF4A9D2401C4FD010F5A8D2110FE92A4D5541BA520DA3EBDE004785AA0A1BE51004A53CD3AD319DCA1EC02D8140C17A4DA29491F343AF0084A3526DC894A500453D431F95B61126D11FD6EB4161805B3B5A86C3BD3599570EF73E3E99B6160C234EA667A42C5629DE8E7728971424AD55962B46D8B88294038B914EA03E3205385DCBA35AE2758CEB8B8F91671087FD48371E213F3D6064E62BBDBA3D74A4932D00AB75510745286919A0E6BFAC5EB75814CD007F69FF8B5FFB8602058101A453599BEB59915E2230F5A6238E29BB827749D4C1B389DCFA078C542D387A163C515217DB1391D7799E1207119104CCA1640694BAAD45D190FE28CE000261B145AABA445EDFA38CD00D338805122966510A36C7899AAA26FFC297AF8EFA5FBE79ED8F3F7D881D45FCBAEF03D271679F3DDCBA7680105844ACADBC5ACB0844190456D608D5AA8E56EA87FD11141761167814268523C8DBB1B0DA49610A00FC88C5B434A9AC46F0D7820D7C4729A6870AA36E4417FF983FB9480983CBE149F62FFFC6B731E722D35229E99C3C5829B950494FF24E1C8DD0A01006D129C156ACD46CDB42251EF3D515AA6401E237E4C11D4AB6C0567EECC5FDC1288823100BAAC5AD04A8CE8A48E0213C1145BB4CF3A6CC350D3DCF1DDB57704204447D5D650E264868F612FF95DD9D3F79F204768FC248A932FDD4DDD31F7D78E9CE752FDADC2CE46149D51E88226216B0901ECBA13458851A886D88CECC2979C1ECC6DF351DED1623C1B4AA6808031C0D116A25C5AC0329582B60A05CDDDD2228E9EF52E06BC84FA9A96B7CBEF26BBF2DE2D3823B745E424E2016FBE209B446AC1A6888162484D48B0ACC8A1A2A050B727455175ABB04C3901C692D852663E3FF0430BC1849896F5A25C08EC009C7A0FC00EA664902BD997A09C3D1AC81362D3C5EAAF15B118B35EA4777C6E39BE3AD7F7EF28C42A858A696070A42F875FEE0D1E8E601A94D40D40035E6398DCCC67CD87840BD4E53EA9481AE22F28C0CB6A0AA0BA2A9D3A52C348B5E712A7C37C598140D727D1547E447A6A874611E7EA1F4E93ABF982DB141BF3F24EAE765CA848916C2ED5FFDAD6F09B42843C9AABAE60B3E4566A01869291617225BFD791D95C4820F55984D409179744617ED4B7E6C1B53E5BB5E1C47AB5457A4A04D3A17FA70049D012751ED2057C14A6427E243091852291BEA535E401D591C0C46A839ADB59843E73F7FE3D6C071FFB70F3F080B6B31D3A97FF364AB7A3EBF18ECEF57647E664D0A8F467A981C248A762DA7D1A5A36DCFE90D9281EE9B2414903E93913A2EF361621C555505AC925033982531ECC28456AB5565F51E1C9F513D8A122087C64214580E7EC9F3124B0F870968C4D30CFC1AFB977EEBDB4CA9AD0A20075808FDA060D20F07A157E44B65B54DBDCA1DA8104E8635F93DD4DFDBF2EAB6506251B5C80136D33405C4A48D94DF2A3B08BE55A5E44A57FE4113DE747A417DAAB4CEB374C999E0EC08E6448FB2C4C3C8F7D05B5D57E9327BE5CAAB09A9985C01B5B75776B69BF5EAFFFEE887AF5CBABEBBB3FB277FF1FEF1F9E9B39367E3E160F76077F7FA557AFDD33FFD1E9D605395287084136C6DC58797F6C2B0B7B335D99E8CB1D5F9A9AEEC00987ABA796BF587E3244ECEA717B87714054299320CEB0B6FBFC314168BF53FFBF31F9E2CD6422DD5844EAB6074D94127356CA730A78F4483E251CFFEB5DFFD6D60089A9CAE84B1D72B9D30014D6496BA141348585696AE87C91811A92C6B1011F857EEDC3A3FBF98CF97EAD2E9015CD2417C145070380807884C0F4551868A71A248510120E9096F4DE8C39F0909247A428F26432E7044C2F6ADFD83ABBB0711249B846E4B42E63D3E3A22C1984DCF7E78FC68B5CE13D7CB5BFBF1F173821CF31A6F6F27830105F7C9D999077A085C918F91E541BAE522184F929DC978321AE8923F5E8417A0E8BAE727A7A4B4C8ACE45EE553BD98CF57944FA3ADD1788231A6676768ADF4A2BCB133A250A1CB599B8AA2A017067D0885AA3D23E761EC8EB4CFB37FFFDB5FC7F5EA9230A7A807399B4C0339845BF660E75659821392AD92C3565D9566E1600029154586F9495038108592D2E0E6941B6523EE6708938DC15C4E1427302B9C088CD1287537BC9817108DEEA903144C8F96A82000538AFFBA7A8903F93D4BD3F17870EDDA3568264C22C0FEF4F193C160747AA127E8495E1043E6A293DA0A36C217A2C03EBA2058A6A6E7C97870B0BF2516D844131B7CAC983F89DA6CB94EFA7DC29CEC9A65F40106F33CD3492A88B267AF5B37ED8275CA84C81B51600EC06051DBC3B7542A9078A91E3C3CD8A564A6BC4379D4B684637C9678CB71C3C184DEE1632DDFEA348E75FBC64D4CFBECE41C2D41ADC844988522356D254AE4EF8081831095D911407B64C8700D314C7FCCCDD1528A16A0753875ABCA1838CAFC7D978636BD5EE75292D92D451FD240C7ADDB526852CC45FDBEB9E24DCBA65591427C376EDC984C065D9DEA32535D6664F7239FCAD0F7AD28D05F07DA9A24FB7BE341E26F8F04A261A27B9A21C1F56A0500F5B715804BDD2D162B2C4DC240C7A885128577455C050F6AD90EC6DA1A4F8ACE4A75ED54DDF3B4581FEACA405DFFA9931234260FFB95BFFEE5C9763F4B730813B727C5C505000AD6032D6808B283BF4CBAD60DC7E36FFCB5AF7DE74FFF64BD5EFB4104E5D1D7783279F2F4C97299AE962B20003FE27772248A0CC208B5191209AEAA706CDDFD4CA2DCC53E1C2BE625F5AA1D6B34D98E8398D43D5DAE54C013DAEA264261FAF322D54AF7E311FF74DD030793EA2212A9CE3A5B89A5941E1671325CCC1666090528BA611C5374811706C506F89D63F90F8F8F213A57CF458628933886F47BEB554191B1BDB59B16A9DDE404FAF96C09973235DB256DD41A0294E87AFEF1B24EF52C00708BEE5A42111E46FC190F6381FD57BFFE155C1DB2C343012030F1CD25807A4A633F043850F9CECEB8AA723AC8F26C6BFB52D00B8E9E3C79F5B537DE78F36DC2CA7436FFEE9F7D0763A4D9CA0BBC9DC11808A350CFF30956E8B41FF7498F714C2D17A89A129E499B19D7AE0A8C747C714E9194244371B14881E8E1C47AAE0BC8709224A056A264D7D54894E74A1774EF142A3EBB98A93CB45A92306A37427F664EAFF3C2312503D1BC6EB6B7B62F2ECEF3AA5AE6140B3A970DDFC5319D813E7C220604459906617CE5CAE12FFCFC9B49E89D9C3C5F2DD758EE2FDEFFE4E9D1317006688E1FB5E180D45D4B01F05A43614EBDA46C0973A2CA2FA1754A0E5C9AAAA36BAAD38BA5A5D53FAD0DF9919E575C55E57034C8359DB4CE4921BDA2CAEFBDF216D5D8D1C9D1ED3B779E3EFC68319FA5EB328675629DC9C239E2487FAB7E308C0FF72F5765399D5DD49D0D140EF72E81367A78FAF411244CBE55EB54819EF9104601193F36212D651BF02BF3DCF560E62101E1FC7C0AE61186CC4E19AAEB1699EE46A7168BE380B4500F5833555310F8F40CB88310D6531A8775EF3FBEA0CEDADFDF45837B7BDB411440CD001091011A25CD6231A77485556FDFBE359D4F1F3F7A8A907895D66770FEBA86BC21347FB4D741946044EEEF94085AE9BCACFDAD5FFB8AD6542C773088D7E9EAFC7C8E1E82C0CE0A3DB8186062552D7F87BA146036BBA0E5D1F36C34185CBE7CF9F4F9134638BC7A9B84E3E183CF89E942BD685E17EB8CFA03BA22F39D8CB742AF773E9DADB3E2D2EE640BEA8AE2AE2E2FEDEEAE8A7A3A9D7FFEF923B213D2D052151690C42BF02C3D0ABC9F046819C62351057E48B2224D07EC2A60B4EC0C8FEC5D9A90DD5288B575375BACFA83315C494BFC136E4DD7D423D043F1173F7EE038E164340116DBDB5BAFDCBB439A757C744AA98B8EE0CAF3333DE9244E42ADEDAB63B32A2A57D659234219BC01F190A827DB97A2E10EBB88105A1D270303C037AF0E109FF6E99A7FFA237304D69EDB32DE68D2C7437028BC8E526C4C8AE0F78CB8F9952BBB5D9B9164249080EBD1FD72B9DC3FBCB498AFC063A8F37F3693415F11196F5B51A4E0ACA351043AD68BB4D45599FE0F3FFCF4D1B367474F8E975996555AA2D7DF84D612479EF47DBCA11FF48A9204BC87DFCF9739A508BCD575CD64A84BDE435FE723D1E73A2D168BECE0D2EEC574160401048616FA8996EE4898FA8321A56C9E574F8FA764482ADE200E88DFB696CB1571042DE99FB968BAC8F3D53A052EE854359048BBA3E2882324D71A9E2A1074522DC8400BCB03830824CB439AD7AE8E887F70C160244E23A1EC13F342DD731E867A242B9D45FD183D121288E4713478F2E4E8DAB52BD38B39C170BD58D7352C961C1F9DA47A6E4517F8BDC3C3AD5D5D0119A56905514874CB36CF07AAE78BD574B99ACFD6AB25FC0C7B768B35144F6AA2BBE2B7C6032FF4A8C3486FA849143D7CC0A6F2146B91FC6F8F47607A3BE9BBCA16541DA26B03222DD530FA70105255EC4CF6402DC3E27C48D51FC4CB75FDE889F244380E7340A5102BA4315F2C5183C99EB57EA3B444B7E567C361DF449B12D645D9E4BEAA26740755E9FBD00EA4512481D34353CA6E7415B6FBE5F7EEEEECEE606D524BF932598916999AD83C4500EB9135ED6CEF2C1773427F12A31D18DAB973F77A9A2E87C378E760FBFACD2B7B3BBB4DB9BC7CB0371A0D937E4238A343222EE6BA72ED6A9A65B3F9A22001AFF33889A9115141599528BD6D2A127EB21992C2467FD554441E455E59E81FFE44FE033B51D4AA02D5D5D620A2224611C328BC011309B63C00B9DBEED2EE769C4483FE987A534B217593C47D8FE4A86B1E3E3A399BAEB49662525D122122214E06D4E4BB22961A3D92DF68F5B52745C39B4D43D2E6846164D21B9D7AA2CFCDF22E5419F45ACF6A6C7889E2924CE2FAD56D081593A2B520F2F2A2849209A0443D6AC1B6A971788208FE4EA6421741D8BBB858502B2EE6D3BA2A0E2EEDAFD262777CE5F3CF1F5896F7ECF909A4B1BD33D9D9DAA23D89FDB3A3E7CBC55A8B60B67BE9D20EC12CF2825596FABA3E44AB99101A2102FDF2F5F0D23EE90B3130894392E6C80FF450A64E492E61A6B35B5D5B1287717F80FEA96088A340268C7D72AEC6B1668B25BE02BA664BFD79544A4C283531F745FDE493C778B3685C6B5A72490F3DE2BC813C975C0225901DC363F82FAA45DA427FA597FE1BA0B0B9F095FC8C96B834299A04B6368B2F05B9D37499BAAFBE7C59A7CEF04236538B975A306A502E55929E37A06BD2280A8B3C25D2A14A5C8638A6BF043AE80F87E3F93C9F9E4D9378787A7E02549086749A502EFA318BBE5A828CBCF373FD712C2DC2D7ED225D417FDBE309350284656ED76EC87848F3A2D8839074910C516B340288937E843DD4AEB5C7FD68109364584A5CCD45FC8A9BE6A14F748E9791578174F2015D9453EAEA6664C6098F9E9D7D7CFF29BE66FE7411AF4D8DAB92172E0183A809CFC629B5485A5B511866BACF4318462D3689A94F1B6569A6822208872884BA4ED95AD7046E0D11B9EFBDF7F2F5ABFB345D2C967991610DC519AD1B6A5D6F53C993DFA75939BF58E699CE7D5235DDBA7123F407048F8BF373EA87F16807DAD9343E3F9B221CEC8673E13F7996727C1285AAF42142D7865D0212B4A6813C51A2D36A59280942656AB92E38218B0CC020C947A7BB1FD0D46C9DAB9442ECAE551FE62AE95434A933E9189E1A8C9A0396423B6C501987826CAAE1D56C768EEE1E3C3AC643910A8D6B0D4B5A925BF7A9907C2A96982451986DF4B89F34CDB4F68E27D3B5CA1BFC86624755356C83D20E0EA0B4DDB6E9DEFBD2576EDEB87D69EFD2BB6FBE66FFAD6FFFF2789CAC162A1B80F36A81F032689F14CFEAF676C6B0C4D1F1C57AA9E7AD95658D3B8F46C93B5FB8B7982DC5BE5D371E8FAF5EB9F9E3F7BF5B28FDAA7D3FDA1A8F3185AA694F274FE60A4D8625E021ACECBAB3554EC5727070199608A38440ACA5BC22636086500E1006B853E8078EABD3F51F3D7804D1A21DDC194D04BA9581A0A287E01071942E6B7552794267EBF647140DB40D00458B8EED9D9E3D276901C8D263A3FFAA7A2C77384C865A7E53554AF283CB6B6908352AC121F17757CB85A16272891CAC2449FCFA6BAF529E307A9EAFFFECCFFE9C08BCB7BF7F69E7C0FE9DDFFAA5C95602AB9F9EACB0143352B9AEF505D5EC756DCD57CBA66C516E86DB92F15BCE8D1B97AF5F3B8470CAB498CDC83FC2AB57AE7EFEF107A462C49CAAB516AB255165D04F3CA75790D2E5CA1C4A6C5A69851C99A9684A735D37CA2FF5577A75D995AA314DC1D7A2A5FC4A6582123B5D5EA2E44E8A619AE8C9546EA6CA17CC741B8A76E8CD144AEA0C4AC006C6293B746DCE273B9E4F53019398A4969DEED5186F0D071041322CF2B56E2CD26DCA7A246E5ED658D4A53C4D532A226A390ED9DA9E0CC8C0A388DEA94AC8EA435F431E1E5EB57FF1D77F13FE338F8170601CA23813433BFD64A49AA12A215D2613270966CAB27423999EDF8FAC12596721702F444353F88C4A8B9EEB2B4B40437AE233F96DBA5A5111973546AA75C98517A888340B38BEEF9A87A7C19F723CAB079A501455BF837B31862E4736B741635BC887DC1311B40210C75B0340A075C4B6D3E21DDAC604FCD71291B93E893CB228EB7549EED299FE650920D6D719831512F3756F6FEFEEBD7BAB25696BFE83F7BFCF11CADE8873C01443183F600CB40CB6DEFDB9AFBCFBC577B6277D72D2C57235BBB8F8F083EF3F7BFCC8F5FCFF1F187DB47F3E8487480000000049454E44AE426082', '2018-10-28 18:48:11', '2018-10-28 18:49:12');
INSERT INTO BaseObject (BaseObject_ID, Name, Description, Image, Created, Updated) VALUES (23, 'KO''d', 'Default defeated state. (Hard-coded as State 1)', NULL, '2018-10-28 18:50:39', '2018-10-28 18:50:57');
INSERT INTO BaseObject (BaseObject_ID, Name, Description, Image, Created, Updated) VALUES (24, 'Attack', 'Basic attack. (Hard-coded as Skill 1: do not remove)', NULL, '2018-10-28 18:51:57', '2018-10-28 18:53:02');
INSERT INTO BaseObject (BaseObject_ID, Name, Description, Image, Created, Updated) VALUES (25, 'Defend', 'Halves damage for the whole turn. (Hard-coded as Skill 2: do not remove)', NULL, '2018-10-28 18:52:28', '2018-10-28 18:52:28');
INSERT INTO BaseObject (BaseObject_ID, Name, Description, Image, Created, Updated) VALUES (26, 'Punchbag Jim', 'Test enemy for battle simulator.', X'89504E470D0A1A0A0000000D494844520000006E0000006E08020000004939B1AC000000017352474200AECE1CE90000000467414D410000B18F0BFC6105000000097048597300002E2300002E230178A53F760000572F49444154785E5DBD67B324D979DF5955E9B37CD5757DBBEF6DDF3D3D7E06331878C29000088220B0900888A2443162633762F7F57E0745EC07D8371BB10AC58A4185DC4AE4CA11A2112002330430188C9F9EEE9EB6D7DF5B3E7DD6FEFE276F0FA13D5D372BCD31CFF93FFE646675FD3FFDE0AF96A6942AB55A4D9BA260C339FDA994B525579665BD516F341A161BABC16EBD5EAF359696658E28CB5A9DB68F1BD1A62C974934ABD7AD20082CCBE2E4BD07F7FEDF3FF917451E7FE5D7BF75747C582B8BB3E72E0C0683FBF7EEB43ADDDD9D07FFE65FFD1FAE1B4CC6E35A99D1B0E134EACB469697BE9B39562D2BBD34C9A3B4E13A7E9AC6B546D680B086655B765EAB65695EE645ADE1046EE9BAAE1F84511C4749EC5976AB3BCCD2946AB55A3E9B4EBBBD6E513426935D685ED698AD5564B57C591B0C3ADFF9F61FBEF4CA171F3E7A90CE277EABF3F69B3F7DFB8DBF4E9369A3E17B41B3D5EE375BCDB258DEBAF5CE64729224F172D9089A9DB2A8D5FFC39FFD397808144ABD76BA5341273818AB2CF2D28023B8979C310D4C35D50347DB323D70BE519D7FDC9F3AD0818ED82C97B3E9F883F7DF1A8D0EED46FD839BEF8F4EF6DAED81EBB561A1E70779161FEC3DB41C6F67E7BEEF5B57AF3D73F1D25518F9C3BFF893C3A39D462D29975659A469EED6EB6E56404ED2B00AC70EEBCB322ECA2C0647CBAAD56CA7705DABB66C2011E5B2B17DEED297BEFCED6E77001193C9E8873FFC0F67372F2469F6E0FE7BD1E26411CFA2795414F0C9B21BF685CB572E5DBC9E268B4F7FEE37CAB2FEE0EECDB7DF78B53FE85A6EBBB62C3EFBB9AF77077D783C1E1FFFE4AFFFFCA3DB6FD3A1240F39FBB77FFA1F6DDB01027063CAE0A5999F16C10140924A2EAB982F6D740D5C3938154F35555B534D5FA0CA31D79062D39B245AAD4D0D3A8DE2595948D2EFDDBB737C7474EBD65B0FEEDFDC7DF46859739278E638B5E170FDEAF5176B35E7AD377EB8589C2C01AE01F751835E14CFD31CD8C45364B7CC73C70BD338CEB21CD23CA7E424A4654542F36EA7F389977FFDD2E527BBBD7E5114373F787B7BFBF2EEA387ED6EB72C8A070F6EFEE4C77FE6B961ADDE585D5D79EEB9573CDFDF7974F7E9A73E5136FCD7FEFACF3EFCE0351B06599DB39BDB57AE3EFFDC8B2FA137698E444660C097E3F88B28B2BEF7FDDFB56CC7762CC741500C289AE669616004916F64537A6E40A296145A5A6ED9B61ADA0826F36266940A36BAE1AF42FEF44FFCA064087959500DDE792E64A3361D003FB775F9CCC665D70BB6B62E14451A065EA7D529B2743C3A3C39DECDF3C4B697F5B2015259014974BDB45074DB850288DAD8D85A59DD28D037CBEEF5FADDEE706DF5CC783AB1EA3554328DA283FDBDE964B4BBB373EBE69BA8EAD1D161144D6DD789A2F8F8E4E0EAD567CE6C6E7FF295CF7FE2E52F5CBAF4E4F6852750977AA346F3D964B2BE76CE0FFC20089B61338993F974F2D62F7FF6EA8F7FF0FACF7E72F7F67B88D07C115BBFFBBDEFE6458186065E0816C00F7514873D63DD28A728488AF9776A04CD05891DE055B6923FC015BE162A2F5CAB8F01571BC1595BE61960E69C59CC6770CBB65D8C572AA3531B8FA42C6736B73636CE5DB9F2CC67BFF09B9F7CE54B17AF3CF1E8FEBDF9FC0475960E585651BA65BE2CE02F5251CBE910C9B41D5756D372208E99F77B1B57AE3D7BFFC1479D4EF7939FFCF24B9FFCE2E58B5787C315E85996F9EAEA7A9EE7E3E3DDF9EC64E7C18787FBBB58E7F962DA6E36AF5E7D1A618916F322CF203FCDB2348EAE3CF1FCF6F6D53367CE5FBBF1CCD973E75756D7DBADB683A86259B218A9D97978C7FAFEF77F773439A937C00EEB934B3E2DABAC950EC266D98C0A149EE7B2AF7F061953840D33798CCF29B2F24F460085DEAF940A52B56A20430E3EC1B2EAECB02B25E5A46D2FA2C5C1C1DED1C12EFC42B820290C5B5EB38BB1BB75FB9D93A3BDA28CE1A4EB37EB8D5E9AA65441293C3F6C8561BFD7475E16D331CCC88BBCD76D773B3DC7F36EDFF97075B8FEF22B5FBC70E9C660B8DA1FAEADAF9FDD3A7F7963737B3058B970E9FAE6E676BBDD4BE2ECFAF5A7B6B6CEAFADAC9F397B01FB7E7C78301E1D2551349B4FEFDDF900FED56DD70D9BABAB67C266CB717D2CEFD6C5EB57AF3D7DE9EA93379E7A69EBFC15EB9BDFFCDAD1D1A304936B59B3D9380C9AA8F174360553C04993085762FC0A2A2C1D76300542D5A8B6D93142277DE623203F96E2C745D03E06DDC06A1AD4EB883E1DB26324B8019A395E368BDBCDC0B5ED56AB1984A1EBB8FB7B0F5FFFD95FCE66237CBA9C5CDDAEDBCD2489602624F487AB4F3FFDE2134F3CFBC413CF5CBBFED4DADAFACA60E53AB27376DB71838F3EFAF0DCE6D6534F7F22085BA2AD5E8B9324CF0BEC0AA2D7EAE28E7BB6EB1F1F1F3EF7C22BC8DDE6D98B61D864A2D82610B05D6F323ED9DFBD077C470707C83B50A2E74C2233BA05D75BEAC1C548595FFD8DCF1FECDF4E723851CEE3D1A0BBC690A3F191E7FA493C07075AA0544CD820201F2D3D969E692B9C4FB7BA722A7BF2DA06BF4A444FCBDFC24AF9185975270EB90087E144EF5E78E1951B4F3EB7B57D71757503F304B7E6D3D1747294A673F4B9D6F08AD2C6C348C1EB255111334734C1F1FA93CF814EABD979EEF9977BFD95C06F1EEE3FB87EFDE90B97AE194FA021334199618426A313241ABFF7FE7B6FECEDDC3BBB7511212768F33C9F7A988BB0D9F4BC603C3ACED204666C9FBF8CE5C144184B52C73461B0E3381611E51219B0BEF06BAF1C1FEF14CB2289468BF8E4CC1A51425C16C46BF5C57C426C96C431211AFC9479246C2C4F559852C95FB56F769618D90ACCC75B8062E714322A55DB0A53B355E4501DC2E7D96C76B8BF77F6DC1673A0A1B17D76B3D93AB3B1DDEDAECCA7D3453C2FCBDCAA7B200E0796B54618B4565706A11F10966659F9EEDBBFC4EAADAE6F322C504771F2F4B32F747B03E359A54360EA7A18180F25C0D0400F343E7CF0D1DAFA26675002A2514E420CC20BB907189C223BBB75697DE36CA7D7A7919182255333622522810496582F3E7F7EBA98968D228DA6693AE9B4D70E4FF6A16C3E3D51DC867D8A67DDCE0075366DD954F2745A2AB72E49076A0D20D5106CA6A8FEAF94FFFEA8F2447FDB599A26F7EFDFDBD979706EEBBCE77906E5AAAB06D3B31D1FE096452D2F92121A1A365E18B96877DA849F5BDB972F5CBCD20C5BB0B2C557BBC3D0F7EE7E74F3E6BB172F5EF5C3A609900DEB30CC663200890E0104955B610B1CF145B0ED637CD1C4288EF6761F61D3C2661BEF6DCC51C3F05D7DF1ADADF1C0B2F7CF3F7B362A62DAD7CA06B1789617A3F12E6244285FB31CE2E12C8B3BDD3E913E0D181B3200E0574131D25E44D1027EABD7D3485E0356DBAA9CD656FDC78D4FBFABABDA8EC72768CAB973E7911AC32475808010B83C7C74EFFD775FDB7D746BB198C5C9B450F808FDCB76B3D36C77B7552E369B4D14706565ADD56A07BE870036031F6782F5A0A782D0AE2C92342973B935C56426C4E3A4A2C246636363D3F53C4983B13915708B3992363A7BEE22E6159D53B42CAA54C85584A6B210CC6066BDF4F2C5ACCCFCA0C7F48BB8CC8A3449A6446127A31DF2817A1D7813C2B756AB9B2409B99AB404200D964CDEC89DB698D7C06F19FF717A89624664AB8AE604E7458AF64C6BB34351239844E0726663B3D96A716CAE98BF5A8DD0E4DE9DF7DF7BFBD5D1682FCD00B761BB2150308BFE600588AE5CBDB6B6760600708400871CF1D56AB5D6D6368015898330E8AE623586A577CD574016BBBB0FEEDDF970301CE23AD0DF53D24D81FAFDFD9DD1F1DEFA19D91C99AFD3A969CB55A3B744B93A65BDF889F38D4668FB6EBC98E11A97168AB6981D1F654B9C291609C33AF5FD66A098766F3A3EB21D0F0D61AAF4A22E4D61673439A40ED3A8A0FCEF8B28D768A75BD4560DF1D77462EA73A8330447F847E4C2F0A8EA9C1DA2310FFD2276C84872E21869422A01024771F5DA5364F1AB6BEBC43A4C0E5F500DC11F60D1DC08970A5CAEB4AA8A3B143D308B5A3D0CC300910B0342452E3019105617CBE5C9F1E18737DF5A1BAE76FAABA4125557920E5DADE62F22CDB6667DE2E58BA41E0D1B1AEABE1B24C53C8E131C521DF36A397934CDCB7A92CE8B34BE73F7DD7831C166116C395E301AE1E53D685787F53A39B2E70638A88A6F9C810F15ACE6E8637CABEB24AAFA17470BF417F352D107F7B84A2B0EAB26AA6AE64F4644ECF6CCF39F7DEEA5CF7DE14B5FBF76F5C6F9AD2DC9A7D54096B7B72E743A3D662477A4D90A88C522A643B86BFA3EA5CA6C214B122A21C3E67A5EA7DB43B5095A38A74AA6C0FFD974F2E0DEADE1EAEADAC69604F6318E147694A918436964A351FF9FFED75F776B61569B2685EFD98D245F4C0E8F7ACD4E2DF4CAA2466BC7721B8EDBAA37525AD8EDD5C106BE726DFDCAA34737AF5E7D01C59705A9D58032CD928DB52D6990C191B04B26F871313454749C0A298A8927C11C831B691984C24588625215C166E29ADA6353C0D906C139E0629A99474E06516F38E4171E42E6500761110C4A59E1534465621A739EB6A63B956AFAA222CE8907E85CFD1B89AC4CD629645114DD7CFFCDB2CCB6B6AE326BA4929366416289DB46A7982564204EB4B45EF8E4D53A615A368518468E16276829BD3BA157CB6A1867B7E1A6F98CF6110A5FD486FD9569BC20BDDCDF7D7F63FD72B3D5AE84081CE378DEEB90B7929995D3C94496C56804C39BC24EF579BCAF3903839B26840FE38685B3C157E040999870534CA019D58BA2984C46070707EF7FF0EEDD7B1FA2DA0F1E7C743C3A393A39B9FFE05EBFD7C3673F16FB0A740182D4C1CB6AFEA608023AA437B618B934D3AE6AD38ABF53D5317499C265D064AC4EBBC3A0E455AA29928C295167AA2C83592E713B171A4B7B594B7270CCE6C497761DC75D14169037A2C9B10359F692EC623A1DC33C7CD46C31C2628FF73E3ABBFD44A73BA42FFA8E16D3289A0EFA1B0C038204771041C4CB9CAA49C0BCF97C465D26C9093EE40BF8133CB2EFBB61BBCD19AC5775491FA3E9A63931560DD38137B975F3AD6836F1FCD6F8E4F8D6CD77761FDE0F439FE8DA77099E342B33BBAA7004346A6ECE8B793AD540FA3092A632918CB6D20F326D3CBEA0363D543B68D678745264F1CADA06592C16555D5405CA7073A70C90DBB72E6C0DFDB053B39679147322CB26D902B31C94B5B95BDAA1DD20065836962409D836DFB1E368446E371F4F7B8EDF256AEDAC56541334C4F164383C2310E452322DBEFABE99950A7C47E270A45CE690E101D727C80A02C725046170C4E774CE1F7F3465D565FA72CAA41C172F5EC72F6F6E9E23EA39397C84E7EF0D06E4BB0C5AA1603A5761C79C513F524315996053811E2B875EC787328E492ED484A21AE06BB0BC7BF743A22BCF6FB65B1DDA09606CFCA9BA1862CD7C81D33A7FB1A75505AF514C49791A793C718BA617960D279F1F2E3C2BCC1BC96876904516CA2F8D28B3F974B24C8A388ECE6C5D72BC0E730407C56BCBC4F73B4C98413052E0888AFDEDAC8C71D6BC24743AA740D91826CE547564754C31875A5083D6D386662B276C8C068E88E99D3B7F195887C3B5CA5E9B86AA294C642EB1C86AF5B8793596F06587C2E03474B45A6B5AD6956BB087F391F462D3168BA3C303C250DAB4BB7D797C15EC83B66061F05487C8AF75E16AEFCC99F3D96256A60DBF5516B1A76EBC946C7E328E6A4923B722DFF1CBB29B2FE7CBD2AD396919156584F94F9AFD7572ABB0D531BA689D9C1C623A6DCB6100262C23716A2B214B945733D58CB40C2859E0C8B057A7D9A966FB78AA4622554E2F195930B5CD55A45E0B88CD367098550149F66957DA56122344AA1E7EA5ADBAA5AE3190A023608C2B6647439B6A9A118DE8783A3ECE938547CAD5C20AD18F7AABB84E13A24A8596E42FCF3D71AEBBB2E2D4B2D9BCF05AC1F4A41CCF8F1D3756B4525A81D75F32A0EDDA1E2171DAB030490B270FF2A428D262BE9891C6352C7F385CC5A5E2B2192D0C9BEA57F688695485B10B33A5659C15B3D9428B7892238900B338ADA5A2337CD103FB66526A554DCF7422A055F171E192B236D3AA2A9C31A056ACD209A60D5F112D73A8A256F21C8861CED528C3FB54B7038098AE1891E14AE49378137F70FEF2F5B0D9A295E9FC74AB1D7A6268D1B4B4BEF2B96792725EAFBB79918D4649B7D5CCF2050EB9D56C5B8E572C9BF3FC6831855D194997EFFAF5BCBECCACD93CF31D67912C96D9E4C6D32F0F86EB47877B4591B75A7D85BF961527D92FDF7EFBFDF7DE3FBF7D0E588F8F477B8747FFED27AFBEF38B9FBFF98B9F4F08F70F0FA2453C992F1E3C78787274D8EFF799BE4415AA0C2C50CBA6FAB00FE26C2B1C254446C1D8D7992AB87B5CAA7DFECC84A1450BD824895986012F53DD8791AC71954E4C65802E35B419CBB43068D5EBF3D9ECF0E860311D7B9E0FF0D8AB6A082E21D634D5E0148DB9B4AE9C1FD87E2349E2B2B6B0EDE6B2C8DD30B0AD5ABBB5EE373B495A2F9687B502A392795828DF7397D6C9D11C1EEC1E4E5A4D7F723C5BDDBC78F6FCA5BD877710F5B367B711F607BB3BFFF28FFEE8DFFFEB3F1E8F8FDAFDD583E3937FFE7FFF931FFDF90F6EBDFB8E6BDBBFF70FFFE195EB4FFCC55FFCC59FFE8B3F7AFDB5577FFEDAAB6FBEF9F39FBFFE66B33DA8E307CDFACDAF48B4CA293A46F1A1BC02A8AA832CC9073FAE53ED54FBD58EA66AD23B7013726C0D7639E47248B54A7AEB8022D53192669889022E160FEFDE9A8DF607AB1B54C3A79816D558FA9C7E29036D582F3DB355772492E5320F821EE181ED759228B19D0E4E265A440C1EA711FA4ED4C72045944E27191622CAC882B2FD8393B4B0076B1BEFBCFE93DECADA7065238AD3FFE75FFECB1FFFF0BF607321657A44FC37BAFDDE9B5FFAF5AF5DBAFAE4F5EBD7D737CF92841C1F1D4F8E8F078381E3D9E736CFAFAFF56B790A3C9E8304686D068A3F9E12A44B4301006130273963AECA2B998A9C06101D54A56A4B35B5158A2AE6CC691BCE57E7944C802CD0EA2C220ED4AAC137DCC218B7DA1D020D3928DB310AF071D1B21067F86099EAFFE3DF7BC509DB51422414DB96BB58D4DC56975806115C2EB3F1781227F3659EE14B5AA1529EBB3747CEB2BD88E284E1B334C9CAB0D96E77DBB532FFCA6F7DF7A9E73F093D6FFCF4D5F7DEFC39C1F7F5ABD75F78F965ECEADD0F3FB87CED09BFD549928CF8901CEDF0E8F8BD77DE24C67AE9954F01A8997923218BCC723CBBA335132D86558898394B18A3247389FE3457012495E76A5152139535798B2096A990B60A1C60C420925D0850337FBA54F0800D352854D25A21C835393B53E840022A0B8AD901EEA292CA8FCB69738CADF2AED2FAE433971D0B1263829B659A3752C85AFA9E5FE60BCF756A491A2FE618CF95C15A1804514C5659C386CE31960506A89EE5E9CADAFAD56B4F2E6693CBD79E1C6ADDDBBD74E9D2CB9FFACC8B2FBD7CF5C9A79AEDCEA0DFBF70E972B7DF0F031FECA69371BBDDECB49B8C1B38F6D6850B2425481CB41E9F8CF7F70ED015E6172B7D966D825CB06152A25EB99A80C13DB325FFD272559A92B47049756AC024EDE70F38C4124B16161C4D1D092308C9161A8CC400B820875E69B9014FFD880D9504570853AAE602D91476A9A2627AB55EBC71254EC6646CF134F11BAE63D9729C76319F2E6A79C321B64BEAF338F7C2B0DD6A1DEC1EA5894D2453A44C3C1FF6BBAE55FBEDFFE177BFF29BBF1D47D3A79E7B613818763A2D126AAD0D0444F4446D5A88112166F8200C0683BE6E93D976BF3F5CDF3C8797840E116B359A810FC4204EC1AA423F97D03EB692C1063620776130132C970C12682087ADEBDA9CD728A466C286A6CA17915603D4C73A6DD0AAA2190583B2A015BC06386D64290CAD985071435D55674E9D3B0DA9C9C614D38E7FF5A5B5B5DE474B1A8E17349CA6EBA18010E7F95E99D78A24258509BC20A9D97EE820CA8707A3285E0E57C26496C0EC8BD7AE375BCDCF7CE9AB6092E731095CB3D512E98C600484F1D956AA250AC4654E567F8608C58022C7D06C7C8E833DAA65792E7749B5AA2B6D14DD30277883A299876DA8A0A69AA7444C85FAA67B8E8C3195053053AE8631E26876D956F19044D56C55474DE9D474ABC14C4702D01C574507A6A84FD3292D398F794A93A49C8C8F808EF4143B96A559368B89B38B142D2B49A9BA1D3FF46BD13CC14E7976ADDFD6CAAA1B3457CE9CBB7CE359DB0D4982825697F8138290A1D3E51243287A6B1689E4332A039FC9B8683ABAC1204A34258A764DA926C0F58A6A7A51E04343935DE00CE901DA317F64F1662813991A04F854BD31843EE88EEE931766ED550E9AA23EF561230474B8ACE3D1F03B883E9DC90BC9E088683380E95DD5D87C8CA9B86278272BCB60D6D50B674CDF459224AEE5F53A9D93D1494E245DD6E793783C89D875DCA5EB370E8F67816B458BACD70BF740DEF23A83D5ED4BD7FB2BEB54067F3FD02D14FA620ED530FC99D155340953D83717CDD55F4150270DCF39672C9DECD7C7B9A554D7B8049A50A94210A69816243BF52A84A221C7AACB5CE55AD45D9E15097F2480A73CD6704612B543F91823F3A5439D31ECD6C75803535F322016184F68CE571DAA5867D7068068C38A18262F3170189EC52C5E2C32C2ECC93C1ECF22DF6B3856313E899887D3F0EA8DE2689CDB41EBA9E79EBF70E96AD06C111BE1AFAB8C9B293156C5B26A8C8A1C53646E1E1B4EA451605717A087692AFF3214B3D59C0C4C8FBF0CA63A7B3AE74A58B4AF3666F2E29C3A447C1F5B4053C1148E4FFB7E7C6CFE74A4AFC7A7A5FAC61019A9505B5A890515F7544E293C8550D5F5CFEA369B048FC92241FC17F318DD21ADC6D945697678324FCA3235B7C843BF1E2DACD92CB1F5C84EEDDAB32F7FF2D39F3F73EEECCADA06AE45E098554B0519C2C7506F3CC6A91C30B56A5ABA31507902EA18AA4DBC221C5553C534D5DC20031D4BC9B3240C7A648E6D3516AD39C99716C27577C118CB86C911E5ACA5D149CA567E9BBEB88C0BC20DAA6791C21F3B780B6DF5D15931826E0C6922D0EC510CB71E53A5F2B7E7AA8AFAB37A4D173965F8455C90D42CA214959E2CE2598C972E15B9D72DA20DDDA5CB69D098CC31ADCEB5275F78EE139FB46DAFD96C020D0263D1A594B15A67D594641F8D3E54431A12550C101501D51553E3318BAB0A3AABC2657525068B2B55854AD9CDB56A500313DA60DB72DFB4C21280BB46C023573D09674E99C50B21477B5DA6034389A95191556DD540742AAC323B2A46E4CDB88FDB8A4411C591D56D055865ADB2590E96873CB3AC59D328D51D1ED5D6834D699AA3EC5468763BAD66D8EEB45EF9E2D7866BEBD0AD5509CD8ABE65A71847A8EAF9032C375337D644E6DC8C2601D27C0C39224312A32F1923DA1B2064861ECF4CF330E1BAFAAF5A0189990E4DCC2498ADA9CA3E78577C626B024AAC8D4ED009270D0E5214BA678F4245FAA90A41A9F82E781A8665062451A7628837249BE999023D864E2A7109A9ECB7C8613074BE65D7531270D7C7E6E3771129F11A01C134CA0F3838E8CDED4DE367569F78F665DFF5AB3058F4E58CAD7E85938A782E72343CA3547F220547A1DBCFA254847D4C2BA262AAD50DF21466492521652A9A3FD15F43F2AA51C431A5E47A461035D66533B4C1885D137BF30536C04FC170096D593AB1D6A0AF9E3503C127BA3434B06225C4AAAAC6E3D315C19A6365A3441F846BA35AD64A27C0283196945C3368401781A51F86811722161161310A56AB37DB2D2F0CCE9DBFD4E978E72E3E211CCDF4F83323E99B6093914CE7A7AC6552D454BC88C8696A32A9146643D68B9F4176CDD44C0363074C5F229A634E9A879C985EC52A264137C2C6B05924C0F52827F3D10311446F69B134F9A7FAA79AD094086B14AC84914A8DC49F88D7B720A377F6B46FC6AD10376BBC04B984455A5B62086450F4C012EA9E725D8553D6C62044B2D5BD06CA2466B5129527B728B284564A8A97C5B0EF5CBEBC7DE3D917AE3FF922A4AFAC9DA32DF91B18570201CD880CD314615023B1422E4E69652C53838FE000558629B06946260C13E591354371533529106B4242C5301C52953E4D87CA11CD04443B7584B67C94902A44955955CB8B5441902C367DD316CAC148458C6130891D1D69307151CFC909F80A640909875ADF636680C509BA35964314524B28523864B267573B7916A3BDA875C76B749A763B74D32CC992A9EF2C43E2A07AF1D4534FB43BCEB9F3D7AF5E7FAED75F4DB3B4D5EA1BC547948965CB4544C69CE519D44B900C01E29EA18F8D8030260FDB449B0430195FCFF056EB1198679329B32BA4CC420314529FDC0633431F7C0CBE9AA5E9472655F265C258D3884A9A97AE22FB42C24C991D5552871AD4005979237A13601AD2E0841DAB7A569826DF65C61593B463E645756204F1DBD81631C9A0C0A1B5B5D66A35DD6EDB779D7A330807834EC35E765A61B3EDAC0CFB379E7FA9BFB67AE5C653799A5CBAFE4CD8ECB4BB3DECA649F0A4B7A4D9AE6D9153BB8E033744AD8948184364891A6885624106C1799E030E8CE54FC0680A06364D52B75531A68895720F495E859B85326BCE526A1D53D4AD30D13F1D1869C24E124C7CDC23E769052D34430F346DAD8660C0D891E6D20E6E839BE948DFC2D57CB323DAE545B1CD754C875912908B53BC22B234AA1A1A1DA19D7561B31BF8C1B221B90D5A4DDA914475862B74D15BBF36DC38DF5B3D1745D386EDF756B770A7CD76578F62158502720633B68FF10B293A082A3E44409334D3A31109D019162A3AD1BF2C4B8DA1D164D03C1AAA1304C1182B4D5F7E43F709707CA9723EDDFB005CD16B18638CAEEECCB1E518445060CE93D42A02B0EAB0569CD4ECB4D503CBB6C4DCF04D9D67F27C3227126A3ED276833D798AE9CDF81C11046DC2B6AE65117D8B4D52248663B21260157151627565B3A7650127F743C775ED65DDAD7B9DEECA66D0EE9CDD7E6A73FB6AB3DD29D2E8ECF693BEDFB6DD562ECB4BECE4C10E7AAC8A888618CCA77665FB507CBEB05CF82C308DE35C36400F766B7D970C5E5350FDCAFE0911516EE8E2A4887308838CE1627A4AB7E5FDC8A4C925A4D11A129151F88545C79E925D18AB4A2FCC95BE4B88711025190DD5468EA82C03449D8A78A16440A9D0449C0D59AA4E7B2AEA408F4F720C69C6B60B512169FA346D382394ADE7AE9FB502A7A859617B4808B9B27569756D7B6DF3C2B2666F5DBA41B447BC9745E3CBD79F1E0E07837E1FC98A92948F0270E988BA4495C53AE3AB6120A9A79E0455C0ACC7A2F524B26542BC7A7D3E9F1BE7407C27B693598944D15C65D34BDD9516B928E5E953EB881BEDD935375A1DD7B219590F92A20874A5B74B2A8C8412F3C2B2010C1C31EB9E922244155B8C809BFA127F134A55C0E89F6EBF697003ACD955315692B325322D032ADD510DD3293C3270728938811375EB9BDFF9AE54A75EF79BCDE1DAC595B5F3C3F50B0DCB63EC8DCDF383FE90C147A37D3758814A2002AA005FA444BB11C7D97C91826A62EE40659822A15043FD10071000D1D0737C1F21F6644D1D1B7915569683D8BE79FBF63FFD67FFD7D6D9F375CB49F31A09A2B45E086BFE75A92FE84B20F8C76C05AEABA4C0731DBD68603C5592A608B96E5F0B139954CAB26E1207C99AF169E6362C79662540926AC1A884416818D064248C0C8A21181486576DA3D7C2130A8CBC2E97A91E89B6CC1A92CE499EE90BF2BEF295AFA7D9DC6FAD609A37B79F58DBD846BDD737CE8290DF1CD61B8E66B22CBBDD15B83A27A15C407C66BC05D6D1787012DE244DD040DCBE1EC22435CA4990A489A206ABAB94AE8A2AC941219D2C1E3BF84FFED51FDDFCD95FE3C6CF5FB886F29BB619692BC92B3DE4904C7CC3D8C4894C94892836E64331B3AED5E378E163E84DD4090B9324CECDE373B4C1CC9270698D8FEC173EA3F974552DC217463E8B3C8A22623EC305591988A5E3228DC511235E355C8CC067124C441FE68D2BD01E67C463734A5CAC5B7FF77BDFA757C709FA83CD56ABC7191C86E3B7BA8355D8110601AABA88167874D7BC7282A3A60BEC92D6AC64BB0D81CB9CEE4C22635ECBD1226129AF13CB14C449BA88351D5C100928368091F70F0FFFF36B7F5A1CCC9669FCC24BAFA0BB15EF0109D294766267C136E65F4A9600004026AA8D3C3117207EE3673F6574AFD5D67C881964001C638B1DA9B08C26928B7597D411680B4A1323989B05D81FB3BA5C396BC151CBD318E9AC498048F620D45801FE19CE2DA633B0624E4C5A9460438C6D951323DEFCFA6F7EAB28B2567B3058190E563706830146CDF7DA8C18470B10C114E165C230944291F9A186502D932FF673527138231941411CA264020C8D86C728B3F90CE9C052013A27058708ABCDE7935FFEF2170F7EF9FAA0E5F6DA85EB76D6D6373102A24E73D3F450200E0DDB914D2D1B2374F3289A4CE693C96C3A8B7163C3B50DCFC5DA9C3E9EC93CC7E3E3DDFB773BFD1E86151300B0A18F9961468E8213BA2A8A389A43BD966AC40F231040213E2E93C52423EC88E744DC9A940C8C0A90B2C5B281EC787CF2F0A3DB2BC3153DBCC86909B494C2FABDDFFFC3289A37BB438619AE6E98B756EA40C790D24FC09176C00AC44A8B05D8973C233E11EDE285845CD605830E8E05F38DC6A8839E876AD4E91907D168B854E7026A0A22F7EEDDFD67FFF4FF7CF5BFFE65348FDD7AD90CEAF71F1CEEEF1FACADADF7FB7D3DFDACE24AC2E4C34C6A61E6C23F4D883F68155D29C90C1603CBA360344B8F0EF6FEEB7FFC77F8A49D878FDAA4B741205155C02455C0FE42243C9D4D8E115D3AC15A1479224D2DB12F0B628D687ABC981E355B1DD9A33A33CD1015311328D0023D6DEA4C66C7972E5F45BC40DA08950A3858DFF8F6F7DCA0D9E930075C0A97EB5086EC9B86A6C85AC04F50D3AB911A737E046A9CE414B6483734C4EA31723999EC448B234428083B9C84603F6C3277B9DC22C7151D1CECFEE73FFD371FDDBA49530219AC6856D8AD30B41BE5DB6FBE79FED275D22EC40439A9CCA20909B48251C50166823A2BA234BB42C022E6E3A39D3BEFBDFFC65F7F78F39DD77FFAEA5BAFFF0D31E6F6C5AB46F78AC9E40865C5EFC6B1DE6A3E3A7C40C685C8C210441FE63146B4984E4E768FF63F4AA349D81E2CB3C4F5F4D6097262B0C24020403941CE64BCDFEB0EB10F82D1A80DD530AAD697BFFA2D220D1967F276180C84650D4FADC0165F89E7C55F2A10D19C3005C8EC62BA271A8C3452A2D998AB478777D1C2A393BB493C8E93D8F35A8821969D9AC80B611FB38F168B1FFC877FF7CB5FFC14A5BB71ED4A2BF0FB83DEC5EDEDEDAD2DD76F46F379BB376CB6FBB007E14D4D1409074499F1E9B86F48F1F84872E57E16F329B130DCFDE8AD1FBFF7EA9F7FF4D1077B4723A40CD4818CC40CC712C7F16C7A98C4119E9C68645964077B3793F914509883E3F90834B0CE179307B7DF4C939314F557C2557A41170B0E96BA9D8143CBA2F96C64DB6E1C9D84CD1E39AD8034701A3C6BD6EF7CE7FBE8ACE037FC55788DF82115200A0C2662328289B42EE26802C4B3E9A3059E68A1870AB058B3C91E84EE1DDC8CE3E96C71309D1E2C9271B4187315B0B334967F5D26D3D1F4B59FFCB7377FF693ADCDB5575E7AFEC68DEBB5653E1CAE0296E3054727C78301F9FDD9761F53234AA0A3B2B060A92DC5F0195B014106C73952DFECF4C63B1FEEDF7A3D5E4CA751E6FBFE4A070FE9D9CBF278EFFECEA38707FBBB8D3AD01D3A96A74C264FF61FBD353F388AE3B963E3B1FA382BB498E6F76EFE1C9D2C33946C114549AFBF8ED2C0CDF9E410B71E2FE6B3C93ED285727AE65148F93290126A2AD6B7BFFB3DA32282D744657C63F9143068A90A738456EB8183D97C723C9D1C64D1643ABE4FB7C74723B298FD9D83D1E8D6CE839DE9E24E564CA3F86036DD4B303AD11ECE84680291B1DC0003F0CE1B6FBEF1EA7FBD72E1DC334F5F1BF607477BBB77EEDC7AB8778013602884AE3FEC9F3B7F59AF2B89AB15B30D9D6CC40C7323508B69CA26F98C4623515B6FCC77DECBE319A75021F3669D1BC509138E17B3470F776E7D78137F99A711A1AE8D81CBB3C3DD0F8E770FD268E107DDEEDAD986E38147349B1CEDBE93C6A81DE1407672743CE8AED6BD10880F773EA817E964329D1C3D0A9ADDBC4C82B00B83B37801D99027E103CA6F7DE7EF56949F46B7668BDF42106508B4C4A047AB9368962CC6B3F961343F8E668728BEED3411673C6294EE96692D5B8ECBE5344F27247C7040CF04386D70C44A7A61673ED9BB7FFBF6E1FEEEFAFA70F5CCF0706FFFC3F7DF7FB47BF070F7104B3520911AAEA2B1E7AF3C89D3150DA7481A7D301455C70257A4CBE3E1976693099E62B1776B49EA484A6AE1D6CA58CC4FA3348992621E2D5D2FC0354D67B37E60B5FBEBF1E4E464FFA3C39D4352F1200883FEC6FBEFBCFDDE5BBF989C1CCCC78FA249EC7BEE229EC48B34F05A8B28DE7B706FF7EEFBE9623647288F0E076B676B0D3D8D3639DE419C09FB09BD2499B89D6F7DE7772B55E74FE61E7F67E455B6DFA4D2582DB415E55DCC46B3D91ED82218C4F35ED002E576B39D96A366D8427716D1A386456AE1423A79007D2243A5D4212075EEF7CEDCBF7FDB76ED457C5C2B9DEB4F3FD519AC1379AEADAF757A03D0EFF67A1BDB57851A2A6C20AB782C448DB270587D5567A8C964E6E3C3E8E8B6402C08AA1C6416A10A4377328BFB2BEB47A368381CBA76EDEC9975CC7FABBB7272703839DC994D1744C9A4A43B8F765F7FED4777DE7BBB968C1B453E3999B49ADE62314F8BB2510B76EEDE7A70FBFD68369DCF66D88FC9687CF6E2D5D97C41B675FBCDBF594CE6BB773F0C3B5DCBF1D11BEB77BEFB7D43A7C8C46FC050E5125AF1555A1227734CD468B4939186CC4EE67867BD581A27B368118DA1BAD3EC8F678F92645AA4D8B5FD201C909212FF611BCC622939B543F06435C2FECAE664FCA0D9B117B38366BB3B5C19A451D40CC8B27DC428F0FCA73EF1B9206CC3458821E2D357258455119C1C2B8A4340CD3F2DB2224DC7F7DFF5891B751F05730AA4F9783C2530DC3E776E369BFA2416F5ECF2C5F38BC562767282E61EEDEF3708EC83001DBDFDC1CDC56CEC346AFD100568EC1E9CB88DC62C8A8E465392F983DDBD078F76174932270323D39BCF7DCF7BEBF537DBFA7992B78F77EEDEFCF066341D636D5ABD81F5DBDFF9FB8674E0C4FBD4266362AE5A1A2F0875C85666B3A3249E4E8E1F2E2607E454F1E2789E4C80191998C7F3A5B50C826E968F27933D7B6915C589EBB5658C957BB9568D18A620B1CB92AC96123CB8AD761B63BA18CD6AF574EFD1EEE46084191D8FC7AE65BDF4B9AF0FCF5C40A10D538D520B3E7D99A353D57EACE25C34CED3BC647AE7AD573DCF4995BF8ACBF369440040CA359F4E668BC55ABF19064AD8221CE4C9B4CCD3E3A363988162EE1F1C1D4D4674496CD0EF359328BBF5F080389CB8E17834C738D10810E75162E3222518B5D1C968323A7AF8E8D183DDFD2C89A638FE93E39D9DFB0FEF3F04CAEF29CD4388F4961A204EF94C08623D7F34DE1B112746C7B3F149B43841DFD3C978694164024CD912037458EA3754F2E9F8613A23338F1AB66B3582466EAD74572D220D24C2F1ACD221058FE64741B38969751ADD289ADEFD68777F7F321B8DB637B75EF98DEFAC9EBD885B96BC313323702028100D6EC6561A008DC53427259A70CDF3C347F7EF1D1DDC9FCDE6043EF379ACF79EE2047B743299775BDEC5AD33E4F565A3486AD1F1EE8800AB51979DAD5B0E06F478B2A0B3A6EF91DA1202EE1E8D9BAD964DAE69794470882724B40312262FCE120851AA42883727879C732649081F6B2475B3C9D8FA36B6B25E23D9AC151131019D1F1EDDD58F13D41BE3D1CEFEDE87E429D162B66C9805D3182F998F260B4266D406CAF5D84E2DC2DBCC4E223FB4A278410E952DC831BC4EE83B4E0B1FE7EBD6591EC5D35AA197AAFAED8DF5735B4F3EF3F91BCF7E7AA5B7F2E493CFAF5F7E8AB09B2C0D03FDD187EFFFF2277F355C3BE3856D134DDA049475BD09028D166A0BE2A82AE5FE47B7FFE6BFFDF9FAE6B9DBB76F3FBC7393480D2B364F92629911A261EBDAED4E9350340851CC5AA3C4E2CC8EA2D16C8EAD77E09432C3E5D1784E3E892411BC8E1791EEF123E0714A20703C06E839D2B032E846A45579CD0FDCD90C8794C247DFB564E46012DE433A5258DFFCF6F7250D5A0CAF611366B393D1E8C17C728022CC47BBD3F109AA301BEF917A402BB12BBE6C116951BFDD6CE1D46CBB5934F27AA95F10B06CF833F71DCBB5DAABBD8163DB4C3825904BEACB2CDFDD7F34ECB61BA595A709D1079C9D8C271FBEFFD68D973ED3F09A38E07811FDE04FFEC51B3FFE2FBBF76EB53BEDF5F3D78CE743AFB4D205891257C570E52F5EFBD18FFED3BF7EE78D57EFDFBD75F0E0CEDE833B495A4E187B1ED5C5E45A992E5FFECC97A2C958CB92928F8809D69DA2B174A6930584A182F4048027E3B9EBA8E724CF17F2FB45AF138E675102919E8B08F7BA2D1CFDE18880BA9E62D6907CF318188119E13A0CC0B3401616D6FAC6B77E57B7078A1A9691A0E778EFCEFEEE47653C713552D20D5B69BE381E1F10B121AA598E8022D77191169A5B9E6A51D5CEC5CED9D2F5112CFD72493C4F96798D94E4F860CFB2F43C516DE9CEA72364930809A9B1B265E8D6D2F9182F70EBF6ED377FFAE35FBCF6C377DF7AFDC377DFA8A5B341AF79BC7F707CB0FFE6DFFCE5CD375FFBC54FFE329ECFD6B72F83E2FD3B1FFEE83FFFDB77DFF8C9DEEE437884E2C5F3B167D78F27536665070DB2207F69773ABDD54197C0B2371C26494EF49A3752AB91076E8B48CA716C173BE4DAA3F18CC05FEF17595A3B49D21C23D76DB5B015F02CF4834E3318ACB6F60FC79369348DF56EA5A5156065621E9910715CBD4E60E007D46D5ADFFCCEF741969669BA48D2F860E7F6FDFB6FCF47F2808972438C791E25F3C00F5DDFCAF2845CA01DD8F5A59395E54A6B75B5D79B44C7A8533E5FB65A1EEAE4956454C8234EBC369DC42479F4CD9C5B4A4F73854D45522F4A32DCD057CE4784313B39C47A8F47C708FDF9735BCF7FE2958F6EBFB7F7E0EE6C74301D9D4C2627F76EDF5C3D731E0FF0E37FFFC78F1EDC994DC724287A9655F763B158316E1BC9ED86DEFA404474863DAC122E0021751A8D9349B4B2D64602B2B4D16D376D6B19B6C39454302577AA7958F2A505229876A21C44844CBD662D892E2E5CDAF4C3E5DD7B87B3856C82799601B1D3B2E93C891178C70FC1578B6515884406D8707C0E2E890C2189A25A4E40139102BABE97CCE78C904511D2D56C36032BC0A0D4965658D78D93870F1E7A652B5F64EBAB6B6DBF4F4F76C91C9D9541AFB64C869D3027A6926B4A18A8B6B4B198186E8C887EF5AB283BDD36D115861A3B396C7937AE5EBD76FDF2A347F7E7518425224B242AD352733CFFC95FFCC9EEADB7B2744ED8E9382E6ADC403A88505088A26C056EAF1DD6F3D26DF84E10E09BA6F18288384E27278BC8F3EDF5B3DB96ED37BD7AE8D4FAFD76BBA5DF1A6102A16325C85891B5DBC1C67ACFC26986989F46AFA97BB0441F1699B26EAC280CD3EA8413F881DF6C86FD4E075802DD302112F35EFEC48BD6377EE7FB4CD188DB3C8F276FBDFE2A8976190189CB0C9DA6DB76C39CCCA0C83BED1015B7522BD1AD32B7DD34514EE5111A562B6CC7498E5B5FCCC0D3EA7ACD64512444287971FEDCD9453AA9E7D6F1F118D794CFA292306A598B233D3C8A316C363B4831093746EAC18387A3E363ECB9FC8B65C724A160E1B9EDEEE0E28DE78F8F4738008C0A7EDE5AE6187DB9BD3CDFDAE8110A35433FABDBD32CF70352A79C64CC2A1A96573FB3BEDAEA77245338DC282A1BF566E8211BF89EBDA311299BEF34A26C79E6FCAA9620F53E5E341C74E0E0CAA0B96CD4C8832CDBC60692E2D5749F48B7A970A91240F3E82C747A3E0AFEEDEF6126E2C598998CEEBE75BCFB20A8BB47A339A40E865ECD2A1BFC5BA6659CDB8E7EFDC1ABE927240EF68F2F5E384F308185B2AC703C3EE976FA2491A3F92151793308E1E4C1C9896D43246983DDE9B61AA5A3F7ABB2256AD70CFC54D696740AA0B7508F56BB3599A0921909B9B159C0E5A27DCA61EB35EC3DB2FCF0DEAD289AAF0ED75A4DB29A743E9B97CB7AAF1B9C5BEBF9A15D6625395F10BAF565E2779C5A49CC10E3B0FC3074EC9AE3E3EE62AF5C7EF8E0D80BDCF5D5DEF8645E77FDC92CB1EA05A886EDEE99CD4EE8D5B36471723C46EDC6E3098637F08AE924D13267090B2C8C0254612A4819190E321496E9074B62EB1BDFFE7BF271E3836472949C3CBC7BE71EC605D71C1565BBED2E1B4A01CB24D91A9E858958C16896636E1FED9C3443DD9FB8736FCFF7080C1AB08579DA7ECDB742440D3B5D9A1BAAC3FEE0F068B436DC087C123567B1488C8BD3EF87815D1461E64ADCE9EA70F889E7AE7BAE353E9E90BBB6020F81D65AB7791E40EFD4295FCDC8B4B2C584D4B0E5BBAD56ABD7729BC448AE7DFEC2763C8F503DCC54AF1F2670049E2CF2F5B53524BDD76A134AEDDC3FCCE268D8EFE6B9B939EAB5F4CE0216744A9A48509FD79751D86D600482E6CAD1D1B8DF69112DD4D2A851F3C88433E02B49949B482B5CC1E93A7E336861D39467A7648911C34E67A3C3FDDBEFBE79F7D66D5C1B4664A97B936923776A85358FA704B8B663E33A0AEC658DB0AE5860B3938228751A61F212CC05C6445AB3483FB879AF4CEBE8B2ED7A599A8E466386813DA41ECD56D7B66040633C9DA36AF82CD47C3C9FDD7D74F09FFEEAD53FF92F3FF2EDDAD34F5D2222391E47D824B08B1080222310C1B10087C4B8207058CC27A341E89EDF58D543CA758529972F5F2C4BC2DE5AAB59B7D3C66414E162C9C85757FAD3C97C369921ED8117E665D1EB3747A369BBE3F57BE100196FA333CD61B79BCCB37E176B168C8F4F2E9CDDB87CE9A264E2381E0EFAEBABFDE16AAFDB6911C9E17509FB5A41F8EC732FE00486C3C1E6DA4A270CAC2FFEC6B7C7C70737DF7BF79D5FBE361D1D63450F4E26B86E3F4047B26EBF4972333E9A363D8CAD3D658AB19562EAD3B4D3E9782EEC4A86BD60BE204A22D77410C6C351746663403044C00C8E719A2208380A4290BDFD83B0A5D7FDC753FDFA52BFDB9D45F1A39DA3E3312EA28C93F2CEA3E3FDA313D84C3C48164F1E922619C66B328D97BA97AB3BC69631F67EA32017C4354D17F9641EAF9F192EB36267FF68D0ED8F47F1DD7B072BDDBEEF783BFB2787074709CC59965D72ADBC24919DC70B2C0CA686B097901B754131C8775DB7B1B2EA3FBA7582B874BB5D2CEFEDBB7B01117BAE3B372BC315649474BB582EA1E1DA8DE7AE3FFBC964B41F4D15F01D1DCFAC973EF9B95FBCFA97B7DEFA89D3C045A0CAF9384E164941D07F7663584BB5869C1233D6AD796D9CCE6A271314224E11CA123BD5AC97BA1378349A11242FCB6594468787B34EBB4BBC8C957BB037B21BF5F12CC636F587830F3EB8DDED743D3F40661FEC1D61683CEC7D5224997E650386371C97548C2C38268A28B56EEF7AC41FBA8BADDB6175C7F5F5731424088B381E7442928DA3D17838681371117D348300F923AE4639C25670766363E7687C389A5253373374EB58F5D11242E6244941128311458C6EF75A38D534F4ADFB0FD19FE8F0644206890F286AD66C8E9337AF9996255910DC442C0FF60F08E3835A8C2BC22C1C1D4F1B2B179E6CF55719A8C0ABD62DA2F064216B9DCE8982D239A41D8F575ADD83E349148F09831EEE1DF5BB9D41A785DF248B80B8F1448F15B49B0E5FCB3869B5DCDD83A36332B22837C97223C98ADB771E2259E0B5B37BB87770D8E9759193FB7BA3BB3B63024F043F4BB386EDA3F598F03C4D1BAE6B63D4754B5D776F86DD3EF8BA9ED3EEF4FA83336401C8E37832211136CF5225B52570D4E92A5E14A3939830051382AD3D18CDF34CCFE52C6BCE22D2FDBEC5224662263325D370A2E5DB680FA3EC1CCF3CAB3CDEC7E76564D793F962363EC66E9082A6CB1A4DB1895166EE169A677DEC7A71EFC3371F3C7AB8360C011AAB6A7DE9ABDFF13BC3D1D10E10E2DAE3F904030CEEFA8D87384124509F2CADE3217CBF28B3E0F0648AB86174667182E99A139B14B559929C5D1D1E9CCC086EC330849AF13C6DB7704CCAFB48C8C6D319B13162F660F708E9C06FE2D910673DA04098AE877D8AA4C8103F42963C8BF096449D982A2C00B9897E12907FF875FC4F999F1CEE92E7D9E4D4319EA3EC74ACC0F2A067325E4C18AC5892FD238FBEDB88E2D4711A3D7271D7DD3B3A0E02FFE1C189726FB0CF9727E3059E013730C68010665ACBF1240E9BAD28636A18D9DE82F08E248A21B57CA95BB020AA1FA970EB0E31BD7E98A43999CC83D09AC573EB99679EEF0C365C2FA077BFD93B39DA21AA20FEB0C909F46B171E813EB10031A6E7E34C324247C2D0829440425F9FC631A12C51C22C42B092F138763C0B892027C02AE91E29C1B70965D83A8E3F9D4DEFEF1EE196515281A535203C3BC02904B6F4709ADE3C2750427C7411F7E937612D614EBD6127D19C641DE8698E9599A629616D60D981179034510D7F7D743275035FB936C68F04B95E1F4D16CDB07970323EBBDE7DE7C35D348581107638BA75A68F562D52C213BD14C274EA751B4BE7FA41BBDD3E1E4DE78B04570C025821AC24E164A35E26E9B247AEE8B9AD4EB87F30EAB4BC961B5ADFFEC3FFCDF6C2E964DC5BDD223419ED7DD4A8E9FE067137B1051690CE88F49B7A89B7188F4B0BF76159A886C2C2A57EF4195E3149C6012E4E6A39C7AABB981FCB46EEE6F86AF4372F891989C5A88D1623539679528D86B6E32C4BB3B686AF9141D3CA057D92B14283EB91207BB4ED0FD7BBABDBD859654EF1826114DDD7AD3661AED8618B596800391F0EDC081074347D67AE9F67D4EDE8D164D20EBD93D1820B1849241703F1ECB5B3F777315E09E4EA119E246BB59AE34544741420AD73ADE030292C4992EB559AD0750E261A7D3C5DAC0EC9546BCC0F1B303A89ACAF7CF77F26F4998C8E75ABE478E764FF1E960831CEB30CC6A95A96D76B65AFE370664E16C40C08F61AF582200545A9336745A94818F196ED6A29CC725CAC3508A6CAEC12AC4C7D499F4BA8C97447B386C196090172ABA1E490A87149560E2A7AC15127500CFDCC049E3F8016429FF3D79E7FFAB3BFB572F68A13B4773FFA00EEE889C146AD65448684822099FC08D999471837AD7A5AEAA93E99CDAD8603CDF338420AE05714C9E0F53A01ED86DDD6837D452C8EED90F34180ED58D5D311A483480CB20193E110A381E322CD97452D708911158CCE178B693C2F1BE964145B5FFE9D3FD41216F59745343D1C1D3E246AE388433AC7562EEB85ADA76997C8179DA296645A8C942F73BC13E6534F8B00273134165ED2A5FBF8C4D39C25022C727C4265F74C88936B7D85AA8A6C85AA85C2D219EE4B735FD6E334828DFC3372479DE5FA85EBE7AEBD70E9994FAD5F7EBE39D868F6D6EFBDFBDAF4640F5C609B6D910BD53132E6258D92B0470FC5C14525D664E7D05362F2D0CBE984641C015FCE257445B389ED17974773F117BD4673306BD359EC795694E4280846CCDC37C69BEA6165DC5A4A66A687798857D8A2E83554BFD3B3F090D697BEFD877C995BCEFAFDBDD97C341F3F02059813E8571DB135E8BB4B7BADB2908A2E97B66BC5718A0F417DC011F35FE419A13D3DC840C3EB2C5E364AB41755163328393A882795054F994DAE3B757AAB2AC3AAEAA96A7143AF21EAC7B984BCE0D4BD5ADCC3B39FFDC695673F1F064DE16BD22A70DFF9E82D926EDD4341B76D6F6548EED8C2E7CCE7A44FE697F9B25C8F09917E5AF539728861619AB5DA2CCEC442682C4A222AC252A40068C8C7C1B7280B8C23268AC1E13EA0D304D9A63243E9E91E3D032EE8E9030B0B1A741BB68BDE99A6F5C56FFD238E2DDBA93596D3F1B828D39383FBA8B813F875A79517E4B974A0274D3C7911F32EB6168953F3C06483DE3DB78119E0482B978C8BAF430E755BD34A096570B17A61CF42A11CC78953ECE2D2F53D1276E348F59C27F2A36517C8D50F222E6DF3D8228EA9D7EB9287B45C67B27FF7D187AF1F3EBA4328E4B58718EA8FDEF8AB4611337B6C724521F248763C9E4CF58429F14AAD70D19A9A5C28728F49E7003342DC0AFC7AAE8DD80241902B8758A3967A7C3097AB96D2A0AB4B38422B197964CB95E10271D88E9FA4434605515C4167187457C082B164B388F86B1668F92D2FEC377BABADDE3A6E17DCA5BAFCB31B500743910BC6256CD6D3D6B546ABB756B3423D7F433051FDA840AD66EB573809E530AC8A0AF9F8BED3EF75A1CF73DC4EBBE97B24758D413BECEA67506B4E430143187A9DFEDAFAE6C556BBBDBDB57DF1FCC5616F10B8DEEE47EFDE7CF3AFEFDF7E3F68F7DDE61081224EF39C1A8E1FDAD2345E2CA2BDC3A3E3E3A36831070704DC756B7C74CFAD865D4E097302CF92CC411C14128AD6E03B485B380E6A31BA6BEBBF4EA0C075127426ADF396456F024037A2E53D6186E5F8C8096A2A792D53886706D3C991F5B96FFE812C235C611CCB8967E368BCE3074DDB69D22CCB667842D0702C3BABA1357A9314F9460582D0439AF5721423D74B9FC969D113CED6DA1DA2D602FF0CF18443D8F256E0799E8F916E87847836DA87A10B7CC93823CBE1580DB2DC97BFF607573FF1E5767FF578E7DEB35FFC3B9DCDEBFDADABBDCDABEB179EBCFCC297CFDDF8A4DBEC4B39CBE2E17B3F2FE231411902834BABEBED9ABCC49E983B0DF094F854CF5A5B9622757C50DDC2F0900261B52CC7C638A046589DF5F5D533979F7BEEB3DFE86F6C1DEEDCD7EA11EA458346A3E9EB6728009600053917B28E249E21D1714217E2273C73183A0DDCBF17595FF8ED7F84A01A39D36373F4C5D60D3BCDC1663DCFE2C591B146B022C00429E64232E1188492D337CC8F2D6811766E3B1E039304620C02DF8FE388F34808949187743B6DA4230C7CF2FAEAC963CF0B219118C071433DED45D8D36C5FFDC4D7079B97DBC34D3AD97EEA53BD3397067C36F95CEDAD6FDB6E288BA0A7ABF428EDF8F04112CF503497F089905A5130942C1DAD9FEA263CCE985D2A145A5D96B6AFAFAD330AFEA4CC1475FA41F7E2132F6CDFF8D4D5E73E1F3407F76FBD532F17A1E732E3469977BB3D5C02E6083B80B401A57256BD780FD5A89C312BF562637B70BC37697697D6E77EAB924A28346482293AB80ADD817EA9767604B00D9C8F4D9C5CD38F905A42167C71C7363C1E9CC91613E2E5B0D5B51AA41672FAF8794C06DA8D8AB75A9E1E8B6886A807F6036394C4244EC19973E78FC7F331E1B49E99F1EBA84DD8BDF2FCAF395E60BBEE70ED6C18B68885F8F057D7EFBC99C7C6B06E5AECB09A83F5D50B4F75FBEBE3C39D5A19C98A5B042BCC97EB0AEC915D1A2289583AC59D7A75A7D16D495D8C7C35BAC34D3A1FAC9D3B73E559CC141E8FC0005257CE5C583D77B5B3B279F1C6279284A8E68099E8A15CC7C23AD149AD64EA5A1824CEEFAF74EAB61D8FE3DECAD0FAEC37FE810152FF507184B3EEA0DF7D6C900CF29234788E1B0CFBEB9EEBC7D3E3EEF09CE33AFDB34F95B58CCA56C3D7921E6EBBD1D6AF0C1644480D66AD659834314B0F25F5F51202163A89CCFB2FCBACCCF70F8FA7A331E6180E12A063CB9FF9F4D7D62F3C65B283BAA3DF3492D9C596907CE909366385A0D0A8101F2B6CF5FA67CEAF9DBB1C8D77AD6C82BA314F2C1BEAA52C99F8BCE94D17C4584BCFAB1ECDAC0561182D888717C48CE844D86E3FF1F257871B5B903ADA7F982753C2E2273FF5D5B3979FBFF4D4CBB57C393ADC598C76E082E3FAE7CE5F41C22E3CF912E94C96443069D01B9ED9DA7A747FAFD5ECBDF2B53FB03EFD9BFF40AED4483126008920CD41F0949F3B32C95134475EBC663F6875C77B771AAEDFEAADF6CFDEF09A43249728C70EACD9ECC40F57A2147553A0A0F54DD726348F1252A0BCE1E89D5EDD3C903D46F5B42A9E254999E9C122C721A16F5E7AFA534F7EFA77CCB3B2CC5D1A0288D404948A3CA9932934A1C8F7E135E0716FD5EF6E1EDD7DDDF1DAF592388F088220AC0C42027C5BCFED1051EB7E8FA235DAA1DBF0356C85417B2DE80CFB6BE7C30EAE8CF07741D6D1A8A79B575EEC6D9C57EC8785B29D9307EF7606AB579EFBFCCB5FFF830BCF7D61FDE2B32B9B97C6FB7702BBFEFC17BED5593977FD89E788872E3EFD59EBD3462AA1D024BC40A71B00A8AF39D7F09ADDC9F15ED85D01CA747692C70B62F2DEDAC5D6F052B3BB8ACE3487E766277709749D204C663BCC4E0FB1D6153DDBAE9F670B3B68E836911BC671ACB0D20EC58CF6A0D35DC94BABDB1F121BB6BBFDA73FF35BEDE15963958459A127D1F57F09554A2D951182159C26CB34D6112D429BB109EFFDCD9F6D3EF199D1D141944EC1D1DCB90A903586224F46F7612246BB3F58F3BB67DC66A7D5DFDC7EF245CB6B079D350203C49EB463313B9C8E7706E79E76FCA696AAD2F4C1AD37FAFDE1139FFDBB1801BFB781C3803D842BEDEEF0CC8527D62F3C0D32ADF5ABBDE170EFFE3DA4F2F75148660EA968165B1971F615DC63C2BC743142BBF1528BF18EDE45A82DBDEE666FED12CCC42CE12C8E773E74FC76323F48A211CDF0327ACE2D0C7DAF99E1A98828B10941AFE67851A47BC2B3D962324B26533DCD8C3961BCED275EBEF8ECAFA199C24B094E1DFB5649A5826063E0F9107D884D064B2D8488FB94325ECCC70F3FD8BCFA7CAD11A4F1B419826DAFB7B23D9B8C3A1DCCC0663A1FD7EA19BEEBF22BDFEE6F3F2B0312B4CE3DF90537E884FD0D02412F6CCB9814097D46B349B3BD86ED9A4F27C7F77F89ADDB7EE6335E73C5BC6CC1F8F8497CC996130E5AFD014A968EF7FC667BE3DAF3D6A7BEFE0F452701A330C4018A72F3EAA93C0BBB41BBE7F9DDE640BF3A8E5ED96EB7D53BD33F73AD5E7730BCE5D2026278B518EF86CD61AD9611CA63EE06C3B59ADB26ECC23BBBAD8D95B33706EB9721BAD5EC5C78FAF3579EF9D2339FFBC683FBB747FB8F9EFDCC6F3EFFC5BFA3604DBA0BAD7AD110E08423C383ADF99C4A2316F1F1A1D951933CD15D1D3744755AD3F17EB1C405976B179E260C2405245E58D9BA5AF7DA373EF55B7E678328B43B1822742B179EA2B5DFECB14F24427A5564517BE5427FB861E9B10B12FFC3328DCE5D7B31186E22FB60045546D6247844F3041DCB540966B698C20CA0FC3D91C445790B762B37A07721E58AE5CF0365BA8E7E6A9634000BDC42AAFBE7E0129153ABB7323BD9EDF6F59BE46834EEB661B788DFF3A251779B56ADF49B7D37EC06ADE1D6D35FA0D5E0CC958D0B3786679F6876569ADD6199CE5EFE8DBF6FFB1D483062281369988F0C4A3C45BDC9883405BE64350D9D90867D17924B7491F0E5F6CF7EF0E11B7F353FFC28598C00A5B97AB9B3BEBD71E5A5B5F34F85C373F97CBFBF727159B35BDD4ECCCCBD20ECAE62D6BD406F1DE09194B0670BDC6BB387005AE44B0C58E6B1A31F1B5D011E28F998898C9D2C16F872376C62B4A0C9B552A0FC7D2E4ABF2B0D52984D03A379C0CB9F16BE74886377F4CCF6A8B376C96F0D31AD34F29B1DA4B2BB7A214D89D47C0401BFBF984FBB2BEBE87E77E352369FAC5D78B166D9BDB50B84A244ACD81AF2653A1E0C372E3CF359E2F30A1CC68528A3D0C2D1100D74C8250786CBC4878AC78C921BD581E51C4D8FF6FEF29FFFEF7BB77E9E4C8EC8EC892EB334397978737EFCE0F8F0686FE7C1B2885B6B5B6E6BAD335C4706092DFDEE2A0C569004F3F1FB6982881096E99EB1EE83385252D4D20951326896549ED2A36FC6C745FBAD267598B2EBBBF922B33EFDD5BFAFA7AFC45D63224D7DBB82564B7E80882448BC6D129E78C60E0A4E804D60AE3CD70DA6071F851897220DC25E9C6261F68B3C6A76D7C3D6CA606D3BCDD395F3CFD349D81A82ADED04B84B738700E9A7FFCAFA191275CA90A91D916C36A28C6B2ABAA626C2552FCDD5A173323AFCAB3FFEC7C9F83E9413EB299BD46B7C8DD93CAA2DB3F1C1FDF1C1BDD9E13DA79E5F7EEE8BB0CB6FF7F07B40A8E49684CC0C425047D84BC80C8A591CEBC9E8BCC45748F649650854A4A652588052E05C5B525306907841ABFBF6F8F8D89C87568922044804104026099608A3A1BA2453776DBD55EC1316F5CF10C7D6B1D0C998F4BEA6351FAF4650B27221186C3B4ECB2A93F3179E6FB65797389FE6B0D53DE73707CA9D61B27EAB809CC4FCE718FA7D06B997120F23378247860E6823175A1ADF5D8159596F950A4FB452BF624C9198960FDF7BAD9CEF93E35751B812E58C6C0F8C6A7A78C494CE60E3DA67BEDB087B267FD07F88E6EAD78BCD581A95D4D83C3CA3377988F5835CEF1329EA77FD109792460B71139C6405D96A61C1519CAAA71D099409A4FAAB674CF8035BEAE0B574C46AA169939CD54BBB56B0E550741B2FE0FAEDA0BB9A2FAD1CC1F6BA246969B6EC6C5C23D3F45AEB4E380CDAAB013E6F6DAB35D80E9B1D641A53407CD66CF6B418493784AE7A5E293FC508595866A4B855FA6E06AA40043E6274D441B92045D26BE6A3845A7938C24D269327E3FD4E488E1F34BD86AFB52A8BFC88295B7A399604994C3A7083AEDF59C1C061581693110C80831A5D96B7726C2AC66461D0CC5A1654D44B00456CAC9A9E6EA5665559ADA44FA20334A93A3D392A6A85F5F9DFFC3DFA2379B5305088A241DE3626DD804C5DD1AFD09AD0B66E974BB24806B7724D8DEE08248D3CD86E5994D3F15E919CF4379FE9AC6C07419B697B285DB1B094FD21A6F856C8850CADC62FE31982A51E989A6CA5EC51CE81A85DEAC130A3EA0C2F18CD82187B825A8D75C884278FDE6B247B54924147C3E94546A36C75C874BDC5221B6C9CF9F437FE5187A055F6419D213D3847A1766A3184A890A54B29B2E80323C44D3B72165A160559C8D4D0C2C510C6EC4DC1878DF71FAA1F6789F4E17165166D666E2097B7941F00625A22D25207FAB11AC82FD7915C545644639EE05E962596EE973506679F6FF83DDFEF85ADBE7E6BDB77C9486CB7A3B03B4F516C34141AE8BAE13697967EAE00314F7309A5D86EE62550B5EA017455A05E4990D111C4B7925CCDA71E842D8589AE17F85EA84553E93091C66C320703DBF7AEBDF86B8333171F8B558D8A9A087B1231CDA882861DCEE903145A1B3C15402A4B084F21560F8F71644F6DA901E62B672FE9D51B25398A95C44FC30A8A1034CC6154C451231B269A1537C92E5220E1B5C96574B4C4EB617D3BBD8DB07F1EE105233D39EA7797CDD5B4EEE4752BB3FD540FB2D749EC41D3AC1EE6F53CB6CA08466AC40664977AF151F6BAD4919114996E81C96161E09580B285683D2F14769999D6BC50764230ADAB61E45C916737C8EB2F3FFF154836764DAAC640C483D260E0D0A498913E44C8AAC3BC84A60A38422235A147428ABE9F7E0C14D434E79759AC45C632D38B0CE455B81A6A08F5FA52CF42E8569968965030212621038379AAA23F0DC334AB498A26E23ACB4EA3B9D75E719B7DC76B31145257349CC20A4BBB55804CDDC5266023C9BCD30259C3624294A50E0BFDC73BC451D04D3B7148FF134641588A1955928135876E3349916A224138CDE8616F0D1B9E247A9F5F3F8305E5FA35897CEDDCD5A73EF3DB373EF54DCB96FFA5A6FAA9762A1005DCE9BEC4438B8FB80771AE2A48B190A5A6848CFA0C8A25D40D183E54D6495A61DE1A8D3B1FBE69FDDA377E8F09909F1154A6B8162DA4EAA7B9B2A296E4FA850F0E55A1FAC51601688C948A6035F20E2922274BA3BAFE7792A6D6FB1AB6664F13E9A4E41982A828B5A96A571BA8D47BD900AD272E3943FFB4E3A2161714CF6AF15815F573159538500425D118B012D5A44934397A142DE6F328C650C07BC7F15FFCDAEF6F3FF3050BE5A80633453390848A18C416A43E2EEC56BC91925767349CC6E24331DA2D40ABD918E380E4611609A4F29FFEE08FAD57BEFAFD4CC3EB4718845D211C616C6AB6F2B2A540149A95D3350B5F124C336DCEB33534623A1598553114DA64084694F4B0A44CA34037AD24178FE763EA2CF516AB2A11330850432F249A804FB65B141345628BCCC4C0D1E89031328EDB5BDFB61C22DDCE7C369F4DC7A84E6FEDDCF5577ECB7142338028616843E7DF6261382BE4049F21C6D414BE152F31BAD5BEC1549AA8B6A2CEC8231329B2EA3787A6E3C39D0F7E64BDF4EBDF178EA556F5758F4F8E4AD91B03830E9498E682CC480DE38A06110124E62285212B28459160527865C843AD0A2454B64136C750FCB7E47240A7D8629931CE13AFE281554B47AA0CA166BA3AC13E5B6625280D13441EC8DA4E7FFDC2F0ECE5DECA9956BB37D83877F5852FF7D62F2816110AEA09F2A4421ABCEAD8488061A006A82E1880841AE7B5A38998437D5483CF29A025A2A2A5B934C2BF3FBAF7FEA0DBAEFF2FFFF8DF20622045CB6A4BB35304CD9CAB51AA4CCEE0C09F999C21ACA24E90C8D618B61A469BF67C8B604812F81C3DAE6C2AE88C610A7BDA37E0CA7753DDCC056465F51148E962D55C80AAB2198176A73CA90A7025F331EAE6B706BA65793AE669A9C6A26905165FD8878A647328D434B2BA3D654035888A8EF9A30FC14AD02128F5BF0C8DB166EFFCE287D76F3C6BA237DC9351195204EC1131268EC8E623113736458609FDD2DD4634177C21C2D81A5341A39AB1D86A00BA34036AC7102E9B62FA6FE8BE92D14D33168117674E4F0A236081123AE43C065EAD743F129FC6E89054C92310D08371A604B5E2B766CE385C0A5A7D122DDD0E31D0988F2EF1912A54FB525EE1681A123F56212034C88C080EF93FCDC27CA9682A0654A6634C145790AE82B86574F0A0CC1796ED35889C5DE53942F031ADEA8DF144048DCD3EA22E2C6AFADFDF2A2855539208414A10144C495E74C88703918E78CB5DC874AA49356D13941886CB5DAA37CD40842A5E314ACBB120A32DE6B7F230660833A2664E62460785FE3F9018DF6F8814A9061DF10082B57F4ABFB974DA095B05C602B15E73358420369591004126EAD53F6744A53E320FCA31E520B4A32E39E5909FB7DA45B6307E42BD578848F420510642D257F14D1F0DAFF3EA81FA4A8D24AA4B4B5114E8E3649111BDDD27D9A9C8ADA4403983711AE06444552400A370D379CDB912B14A3C8D488AA44A36851DBC80918AE6D427409F5262A021AFD35D1BD5E1AAF031BC119A465729746E441892AA4EB4433443A22C253B454DF8217DFC3D16051A0A015DE5A002D4E4063AD0466687DAE627361A5A739347D7F0265205EFD399AB63ED9FF2F9B43B13AE73528746802AD410374DC6B05121821137B9394301036B5B75215CACCA4A308C18A61DC3452DBEEB18A1339CD000102311D31415474922D8311185CCA8320BD30547799E4B504483117A3DDC257B55395923197C0CE30DA0862B9064640D4A2A1E982D522BC1A546835954148A0A936D55738132ADFD706A1147ADF6AAD7D42FE1284912A10A75A8074042C48C577D8C9C6AF944931167C00BBF4C762539134BAB0118AD1A525223F3A2C2979A4BB2E80A5C74D5C802E6897D125691CB40151B8C14AB2B75A3BAEA87299888421F333E901AB67E3C8A8CC3E9BED65D4C4B2374EC20836892995165F4A5E1A7A22D76C210116E7442038A487DB4A3F3E62382241B0C22C45538829083BD4783B5B3B6A5FC0A8CC465AED1AF24401313271E33A792232D018BC3EC497EF3FA52BF32627A1634C2CBCCDE34340C3133E44F48988F54C258403325B9CB8AE74C52354D7DE66EE257C44F81AC1E4A31AB6A0627AE6B1A825C8432F6DF361498C6028B006144CE6194008C1E237B6A3A749B9E62AEAABA16524E45EFFF57E8B8824DF65D7B8C559D949C9B92C5F3A0DD173AD5FCCD8B4A021422B55AA3F50BED685B75259A444D350BE12371ABE45473368AAFABE2CDA92C549E51E26056EDF48203B32278443CA963265075A84FB52FC4CCF31BC052298B5621AA45B1EA2AE30A3AAD2C881C533869BE25506C2B9BA3B14E3987593F153A8D42D72249297255594B33A21981306A2DFBA0EE3EDE314D2447A7AC970CE8C47C3E5D19AEDAB64F1538C9E489929855E1885DA7EACC1CF4814476A5547409E1EA4636D2304B533435359AE45A4DB42FBC14C478F6D2B56B9E45A60FAC25118224C73000D2CD4C544EF1A88AD15B69A874D8602D1D14A739A1935520A24C574B028F415481218CFF585B9784740D44C432D2A06AC8952A735582AFA52A5D52771A50AC5266675869426D2A9846DAA80D8523762595000973CAA2BB72A6AE95661D64352D5AE716E64F5064A210AA8A428F5AA15D4A124F6D92B0D2AC2A3D1585E6500BB7104065C262923FE5FCD612F888078C60161290C71FC064B666528F1D5DD5AD810912A9A34042022029166B25B0EAAA1A12B2CC820074A19D66D63AC0CEAA89510EC829B59A0736B966652A6B2EFA53375A81ADE0115C7C49A96440AB0F2DCCE674440A849DEEB16FB634757C9F30C2D2FBA0F0CE343053628FC9480A5034BB9E23591A49ED4E09AFA8305C618F2BA53457ABEE85572FDD46E1D4B5E02C5064DFC4E16A9E1433B698C196F99C5EAD9488284A1BA33C02AEA2D5180A309556EA12EDD5A99446BB869CEA8C844048E80227D5F3E978660840D572994054A900A5C00F26C525F585908A436A9FAB2BA37B66B2708856E648458C32C8D0831EB9747DDB76A195898B0ED383B1D3B220051F2A5BB55C4BDFBA5B209E37CA4CAE06421FDF1034314D8160600DE9489107D20AED9203115601F771616C3D4D7BBA6067C83253E54B0715B7C528A169969CCD4901270AD937E6415D99BAD277EB5418C5F1D3FAFCA98A8A79E8D408A58AAEFC6AA11BF31B3ED5BE99A5F9DF62D013A3EAE670293D55DF1A94F1C55F9D30459174C3D1228ED0A017299DAE2FF53C3BFA7EEA734CA6994A3C31A635320A6450C41AA2C1175835BA7C45B5ECAC2572BD81431DAEE8814715A037228A64880DB217D5E474F1D41273461BF5669C892ECB6C990E288639525806D404CC12B509A41478EAAE331D7051CC13EAB436E2464D9D364D50102DD71899AD7A65C7EC6B69B13A4331C40B4A5123C6D125F8525B5DE96AF5A112922BFC28622564A3D46666A76AAE1D438AE62B2AE1CA321594BA2281D5BA99C0053E0902F24B4F8672C92C96B7DA1175FA19B5ACAC9E708516182DAF4CB706114882C23CD3475ECBB81C715CB39591783C5B039351767DE45294B1187BAA8988E06CA9FF38DACCD5CC41E09A5DD530876252C582D3B32AD4348340BFF6D9412A0D70D56AF76302E085A95C1543FCAF96B25EABFD7F4437E1AC183C40920000000049454E44AE426082', '2018-10-28 18:54:15', '2018-10-28 18:54:15');
INSERT INTO BaseObject (BaseObject_ID, Name, Description, Image, Created, Updated) VALUES (27, 'Just Jim', 'Test Battle', NULL, '2018-10-28 19:00:00', '2018-10-28 19:05:33');
INSERT INTO BaseObject (BaseObject_ID, Name, Description, Image, Created, Updated) VALUES (28, 'Small Snack', 'Recovers 20 HP.', NULL, '2018-10-28 19:01:04', '2018-10-28 19:02:06');
INSERT INTO BaseObject (BaseObject_ID, Name, Description, Image, Created, Updated) VALUES (29, 'Minor Sword', 'A sword used for larping.', NULL, '2018-10-28 19:03:24', '2018-10-28 19:03:53');
INSERT INTO BaseObject (BaseObject_ID, Name, Description, Image, Created, Updated) VALUES (30, 'test', 'N/A', NULL, '2018-10-28 19:07:04', '2018-10-28 19:07:04');

-- Table: Battle
CREATE TABLE Battle (Battle_ID INTEGER PRIMARY KEY NOT NULL UNIQUE, NumberOfEnemies INTEGER NOT NULL, BattleEnemy1 INTEGER, BattleEnemy2 INTEGER, BattleEnemy3 INTEGER, BattleEnemy4 INTEGER, BattleEnemy5 INTEGER, BattleEnemy6 INTEGER, EnvironmentID INTEGER, BaseObjectID INTEGER NOT NULL, FOREIGN KEY (BattleEnemy1) REFERENCES BattleEnemy ON DELETE SET NULL, FOREIGN KEY (BattleEnemy2) REFERENCES BattleEnemy ON DELETE SET NULL, FOREIGN KEY (BattleEnemy3) REFERENCES BattleEnemy ON DELETE SET NULL, FOREIGN KEY (BattleEnemy4) REFERENCES BattleEnemy ON DELETE SET NULL, FOREIGN KEY (BattleEnemy5) REFERENCES BattleEnemy ON DELETE SET NULL, FOREIGN KEY (BattleEnemy6) REFERENCES BattleEnemy ON DELETE SET NULL, FOREIGN KEY (EnvironmentID) REFERENCES Environment (Environment_ID) ON DELETE SET NULL, FOREIGN KEY (BaseObjectID) REFERENCES BaseObject (BaseObject_ID) ON DELETE CASCADE ON UPDATE CASCADE);
INSERT INTO Battle (Battle_ID, NumberOfEnemies, BattleEnemy1, BattleEnemy2, BattleEnemy3, BattleEnemy4, BattleEnemy5, BattleEnemy6, EnvironmentID, BaseObjectID) VALUES (1, 1, 1, NULL, NULL, NULL, NULL, NULL, NULL, 27);

-- Table: Battle_Scene
CREATE TABLE Battle_Scene (SceneID INTEGER NOT NULL PRIMARY KEY, BattleID INTEGER NOT NULL, TableIndex INTEGER NOT NULL, TurnSequence INTEGER, TurnPattern INTERGER, TurnNumber INTEGER, FOREIGN KEY (SceneID) REFERENCES Scene (Scene_ID) ON UPDATE CASCADE ON DELETE CASCADE, FOREIGN KEY (BattleID) REFERENCES Battle ON UPDATE CASCADE ON DELETE CASCADE);

-- Table: BattleEnemy
CREATE TABLE BattleEnemy (BattleEnemy_ID INTEGER NOT NULL PRIMARY KEY, EnemyID INTEGER, Level INTEGER NOT NULL, GridPositionZ INTEGER NOT NULL, GridPositionX INTEGER NOT NULL, HPMultiplier DOUBLE NOT NULL, PassiveSkill1 INTEGER, PassiveSkill2 INTEGER, FOREIGN KEY (EnemyID) REFERENCES Enemy (Enemy_ID) ON UPDATE CASCADE ON DELETE CASCADE, FOREIGN KEY (PassiveSkill1) REFERENCES PassiveSkill (PassiveSkill_ID) ON DELETE SET NULL, FOREIGN KEY (PassiveSkill2) REFERENCES PassiveSkill (PassiveSkill_ID) ON DELETE SET NULL);
INSERT INTO BattleEnemy (BattleEnemy_ID, EnemyID, Level, GridPositionZ, GridPositionX, HPMultiplier, PassiveSkill1, PassiveSkill2) VALUES (1, 1, 100, 0, 1, 100, NULL, NULL);

-- Table: BattleEnemy_To_Tool
CREATE TABLE BattleEnemy_To_Tool (BattleEnemyID INTEGER NOT NULL, ToolID INTEGER NOT NULL, TableIndex INTEGER NOT NULL, Priority INTEGER NOT NULL, Quantity INTEGER, HPLow INTEGER, HPHigh INTEGER, SPLow INTEGER, SPHigh INTEGER, ActiveState1 INTEGER, ActiveState2 INTEGER, InactiveState1 INTEGER, InactiveState2 INTEGER, AllyCondition INTEGER NOT NULL, FoeCondition INTEGER NOT NULL, UserCondition INTEGER NOT NULL, TargetElementRate TEXT, TargetStateRates TEXT, TargetStatConditions TEXT, TargetToolElement INTEGER, PRIMARY KEY (BattleEnemyID, ToolID), FOREIGN KEY (BattleEnemyID) REFERENCES BattleEnemy (BattleEnemy_ID) ON DELETE CASCADE ON UPDATE CASCADE, FOREIGN KEY (ToolID) REFERENCES Tool (Tool_ID) ON DELETE CASCADE ON UPDATE CASCADE);

-- Table: BattlerClass
CREATE TABLE BattlerClass (BattlerClass_ID INTEGER PRIMARY KEY NOT NULL UNIQUE, BaseObjectID INTEGER NOT NULL REFERENCES BaseObject (BaseObject_ID) ON DELETE CASCADE ON UPDATE CASCADE, ScaledStats INTEGER NOT NULL REFERENCES Stats (Stats_ID), UpgradedClass1 INTEGER REFERENCES BattlerClass (BattlerClass_ID) ON DELETE SET NULL, UpgradedClass2 INTEGER REFERENCES BattlerClass (BattlerClass_ID) ON DELETE SET NULL, UsableWeaponType1 INTEGER, UsableWeaponType2 INTEGER, PassiveSkill1 INTEGER REFERENCES PassiveSkill (PassiveSkill_ID) ON DELETE SET NULL, PassiveSkill2 INTEGER REFERENCES PassiveEffect (PassiveEffect_ID) ON DELETE SET NULL, PSkillLvlRequired1 INTEGER, PSkillLvlRequired2 INTEGER, FOREIGN KEY (BaseObjectID) REFERENCES BaseObject (BaseObject_ID) ON UPDATE CASCADE ON DELETE CASCADE DEFERRABLE INITIALLY DEFERRED, FOREIGN KEY (ScaledStats) REFERENCES Stats (Stats_ID), FOREIGN KEY (UpgradedClass1) REFERENCES BattlerClass (BattlerClass_ID) ON DELETE SET NULL, FOREIGN KEY (UpgradedClass2) REFERENCES BattlerClass (BattlerClass_ID) ON DELETE SET NULL, FOREIGN KEY (PassiveSkill1) REFERENCES PassiveSkill (PassiveSkill_ID) ON DELETE SET NULL, FOREIGN KEY (PassiveSkill2) REFERENCES PassiveEffect (PassiveEffect_ID) ON DELETE SET NULL);
INSERT INTO BattlerClass (BattlerClass_ID, BaseObjectID, ScaledStats, UpgradedClass1, UpgradedClass2, UsableWeaponType1, UsableWeaponType2, PassiveSkill1, PassiveSkill2, PSkillLvlRequired1, PSkillLvlRequired2) VALUES (1, 1, 1, 2, 5, 0, -1, NULL, NULL, NULL, NULL);
INSERT INTO BattlerClass (BattlerClass_ID, BaseObjectID, ScaledStats, UpgradedClass1, UpgradedClass2, UsableWeaponType1, UsableWeaponType2, PassiveSkill1, PassiveSkill2, PSkillLvlRequired1, PSkillLvlRequired2) VALUES (2, 2, 2, NULL, NULL, 0, 2, NULL, NULL, NULL, NULL);
INSERT INTO BattlerClass (BattlerClass_ID, BaseObjectID, ScaledStats, UpgradedClass1, UpgradedClass2, UsableWeaponType1, UsableWeaponType2, PassiveSkill1, PassiveSkill2, PSkillLvlRequired1, PSkillLvlRequired2) VALUES (3, 3, 3, 4, 5, 1, -1, NULL, NULL, NULL, NULL);
INSERT INTO BattlerClass (BattlerClass_ID, BaseObjectID, ScaledStats, UpgradedClass1, UpgradedClass2, UsableWeaponType1, UsableWeaponType2, PassiveSkill1, PassiveSkill2, PSkillLvlRequired1, PSkillLvlRequired2) VALUES (4, 4, 4, NULL, NULL, 1, -1, NULL, NULL, NULL, NULL);
INSERT INTO BattlerClass (BattlerClass_ID, BaseObjectID, ScaledStats, UpgradedClass1, UpgradedClass2, UsableWeaponType1, UsableWeaponType2, PassiveSkill1, PassiveSkill2, PSkillLvlRequired1, PSkillLvlRequired2) VALUES (5, 5, 5, NULL, NULL, 1, 3, NULL, NULL, 0, 0);
INSERT INTO BattlerClass (BattlerClass_ID, BaseObjectID, ScaledStats, UpgradedClass1, UpgradedClass2, UsableWeaponType1, UsableWeaponType2, PassiveSkill1, PassiveSkill2, PSkillLvlRequired1, PSkillLvlRequired2) VALUES (6, 6, 6, 7, 10, 0, NULL, NULL, NULL, 0, 0);
INSERT INTO BattlerClass (BattlerClass_ID, BaseObjectID, ScaledStats, UpgradedClass1, UpgradedClass2, UsableWeaponType1, UsableWeaponType2, PassiveSkill1, PassiveSkill2, PSkillLvlRequired1, PSkillLvlRequired2) VALUES (7, 7, 7, NULL, NULL, 0, 3, NULL, NULL, NULL, NULL);
INSERT INTO BattlerClass (BattlerClass_ID, BaseObjectID, ScaledStats, UpgradedClass1, UpgradedClass2, UsableWeaponType1, UsableWeaponType2, PassiveSkill1, PassiveSkill2, PSkillLvlRequired1, PSkillLvlRequired2) VALUES (8, 8, 8, 9, 10, 2, -1, NULL, NULL, NULL, NULL);
INSERT INTO BattlerClass (BattlerClass_ID, BaseObjectID, ScaledStats, UpgradedClass1, UpgradedClass2, UsableWeaponType1, UsableWeaponType2, PassiveSkill1, PassiveSkill2, PSkillLvlRequired1, PSkillLvlRequired2) VALUES (9, 9, 9, NULL, NULL, 2, -1, NULL, NULL, NULL, NULL);
INSERT INTO BattlerClass (BattlerClass_ID, BaseObjectID, ScaledStats, UpgradedClass1, UpgradedClass2, UsableWeaponType1, UsableWeaponType2, PassiveSkill1, PassiveSkill2, PSkillLvlRequired1, PSkillLvlRequired2) VALUES (10, 10, 10, NULL, NULL, 0, 3, NULL, NULL, NULL, NULL);
INSERT INTO BattlerClass (BattlerClass_ID, BaseObjectID, ScaledStats, UpgradedClass1, UpgradedClass2, UsableWeaponType1, UsableWeaponType2, PassiveSkill1, PassiveSkill2, PSkillLvlRequired1, PSkillLvlRequired2) VALUES (11, 11, 11, 12, 15, 0, -1, NULL, NULL, NULL, NULL);
INSERT INTO BattlerClass (BattlerClass_ID, BaseObjectID, ScaledStats, UpgradedClass1, UpgradedClass2, UsableWeaponType1, UsableWeaponType2, PassiveSkill1, PassiveSkill2, PSkillLvlRequired1, PSkillLvlRequired2) VALUES (12, 12, 12, NULL, NULL, 0, 1, NULL, NULL, NULL, NULL);
INSERT INTO BattlerClass (BattlerClass_ID, BaseObjectID, ScaledStats, UpgradedClass1, UpgradedClass2, UsableWeaponType1, UsableWeaponType2, PassiveSkill1, PassiveSkill2, PSkillLvlRequired1, PSkillLvlRequired2) VALUES (13, 13, 13, 14, 15, 2, NULL, NULL, NULL, 1, 1);
INSERT INTO BattlerClass (BattlerClass_ID, BaseObjectID, ScaledStats, UpgradedClass1, UpgradedClass2, UsableWeaponType1, UsableWeaponType2, PassiveSkill1, PassiveSkill2, PSkillLvlRequired1, PSkillLvlRequired2) VALUES (14, 14, 14, NULL, NULL, 2, -1, NULL, NULL, NULL, NULL);
INSERT INTO BattlerClass (BattlerClass_ID, BaseObjectID, ScaledStats, UpgradedClass1, UpgradedClass2, UsableWeaponType1, UsableWeaponType2, PassiveSkill1, PassiveSkill2, PSkillLvlRequired1, PSkillLvlRequired2) VALUES (15, 15, 15, NULL, NULL, 1, 2, NULL, NULL, NULL, NULL);
INSERT INTO BattlerClass (BattlerClass_ID, BaseObjectID, ScaledStats, UpgradedClass1, UpgradedClass2, UsableWeaponType1, UsableWeaponType2, PassiveSkill1, PassiveSkill2, PSkillLvlRequired1, PSkillLvlRequired2) VALUES (16, 16, 16, 17, 20, 4, -1, NULL, NULL, NULL, NULL);
INSERT INTO BattlerClass (BattlerClass_ID, BaseObjectID, ScaledStats, UpgradedClass1, UpgradedClass2, UsableWeaponType1, UsableWeaponType2, PassiveSkill1, PassiveSkill2, PSkillLvlRequired1, PSkillLvlRequired2) VALUES (17, 17, 17, NULL, NULL, 4, -1, NULL, NULL, NULL, NULL);
INSERT INTO BattlerClass (BattlerClass_ID, BaseObjectID, ScaledStats, UpgradedClass1, UpgradedClass2, UsableWeaponType1, UsableWeaponType2, PassiveSkill1, PassiveSkill2, PSkillLvlRequired1, PSkillLvlRequired2) VALUES (18, 18, 18, 19, 20, 3, -1, NULL, NULL, NULL, NULL);
INSERT INTO BattlerClass (BattlerClass_ID, BaseObjectID, ScaledStats, UpgradedClass1, UpgradedClass2, UsableWeaponType1, UsableWeaponType2, PassiveSkill1, PassiveSkill2, PSkillLvlRequired1, PSkillLvlRequired2) VALUES (19, 19, 19, NULL, NULL, 2, 3, NULL, NULL, NULL, NULL);
INSERT INTO BattlerClass (BattlerClass_ID, BaseObjectID, ScaledStats, UpgradedClass1, UpgradedClass2, UsableWeaponType1, UsableWeaponType2, PassiveSkill1, PassiveSkill2, PSkillLvlRequired1, PSkillLvlRequired2) VALUES (20, 20, 20, NULL, NULL, 3, 4, NULL, NULL, NULL, NULL);
INSERT INTO BattlerClass (BattlerClass_ID, BaseObjectID, ScaledStats, UpgradedClass1, UpgradedClass2, UsableWeaponType1, UsableWeaponType2, PassiveSkill1, PassiveSkill2, PSkillLvlRequired1, PSkillLvlRequired2) VALUES (21, 21, 21, NULL, NULL, 4, 5, NULL, NULL, 1, 1);

-- Table: BattlerClass_To_Skill
CREATE TABLE BattlerClass_To_Skill(
    BattlerClassID INTEGER NOT NULL,
    SkillID INTEGER NOT NULL,
    TableIndex INTEGER NOT NULL,
    LevelRequired INTEGER NOT NULL,
    PRIMARY KEY (BattlerClassID, SkillID),
    FOREIGN KEY (BattlerClassID) REFERENCES BattlerClass(BattlerClass_ID),
    FOREIGN KEY (SkillID) REFERENCES Skill(Skill_ID)
);

-- Table: CharacterSprite
CREATE TABLE CharacterSprite (CharacterSprite_ID INTEGER NOT NULL PRIMARY KEY, Size INTEGER NOT NULL, HeadShape INTEGER NOT NULL, Eyes INTEGER NOT NULL, Nose INTEGER NOT NULL, Mouth INTEGER NOT NULL, Ears INTEGER NOT NULL, Hair INTEGER, FacialHair INTEGER, FacialFeatures INTEGER, Hat INTEGER, Piercings INTEGER, BodyShape INTEGER NOT NULL, Shirt INTEGER, Jacket INTEGER, Back INTEGER, Necklace INTEGER, Bracelet INTEGER, Belt INTEGER, Bottoms INTEGER, Shoes INTEGER, SkinColor INTEGER NOT NULL, EyeColor INTEGER NOT NULL, HairColor INTEGER, HatColor INTEGER, ShirtColor INTEGER, JacketColor INTEGER, BackColor INTEGER, BottomsColor INTEGER, ShoesColor INTEGER);

-- Table: Command
CREATE TABLE Command (Command_ID INTEGER PRIMARY KEY NOT NULL UNIQUE, AnimationID INTEGER NOT NULL, RapidTapBoost DOUBLE NOT NULL, KeyInput CHAR (1) NOT NULL, StartFrame INTEGER NOT NULL, EndFrame INTEGER NOT NULL, Size DOUBLE NOT NULL, LocationX1 INTEGER NOT NULL, LocationX2 INTEGER NOT NULL, LocationY1 INTEGER NOT NULL, LocationY2 INTEGER NOT NULL, Range DOUBLE NOT NULL, FOREIGN KEY (AnimationID) REFERENCES Animation (Animation_ID) ON DELETE CASCADE);

-- Table: Enemy
CREATE TABLE Enemy (Enemy_ID INTEGER PRIMARY KEY NOT NULL UNIQUE, BaseObjectID INTEGER NOT NULL REFERENCES BaseObject (BaseObject_ID) ON DELETE CASCADE ON UPDATE CASCADE DEFERRABLE INITIALLY DEFERRED, ScaledStats INTEGER NOT NULL, EnemyClass INTEGER REFERENCES BattlerClass (BattlerClass_ID), ElementRates TEXT, Width INTEGER NOT NULL DEFAULT NULL, Height INTEGER NOT NULL, BossType INTEGER NOT NULL, Flying BOOLEAN NOT NULL DEFAULT FALSE, Exp INTEGER NOT NULL, Gold INTEGER NOT NULL, FOREIGN KEY (BaseObjectID) REFERENCES BaseObject (BaseObject_ID) ON DELETE CASCADE ON UPDATE CASCADE DEFERRABLE INITIALLY DEFERRED, FOREIGN KEY (ScaledStats) REFERENCES Stats (Stats_ID), FOREIGN KEY (EnemyClass) REFERENCES BattlerClass (BattlerClass_ID) ON DELETE SET NULL);
INSERT INTO Enemy (Enemy_ID, BaseObjectID, ScaledStats, EnemyClass, ElementRates, Width, Height, BossType, Flying, Exp, Gold) VALUES (1, 26, 24, NULL, '', 0, 0, 0, 0, 50, 10);

-- Table: Enemy_To_State
CREATE TABLE Enemy_To_State(
    EnemyID INTEGER NOT NULL,
    StateID INTEGER NOT NULL,
    TableIndex INTEGER NOT NULL,
    Vulnerability INTEGER NOT NULL,
    PRIMARY KEY (EnemyID, StateID),
    FOREIGN KEY (EnemyID) REFERENCES Enemy(Enemy_ID) ON UPDATE CASCADE ON DELETE CASCADE,
    FOREIGN KEY (StateID) REFERENCES State(State_ID) ON UPDATE CASCADE ON DELETE CASCADE
);

-- Table: Environment
CREATE TABLE Environment (Environment_ID INTEGER NOT NULL PRIMARY KEY, BaseObjectID INTEGER NOT NULL, PassiveEffectID INTEGER NOT NULL, MapForeground BLOB, MapBackground BLOB, BattleForeground BLOB, BattleBackground BLOB, Accuracy INTEGER NOT NULL, Evasion INTEGER NOT NULL, CriticalRate INTEGER NOT NULL, CritEvadeRate INTEGER NOT NULL, FOREIGN KEY (PassiveEffectID) REFERENCES PassiveEffect (PassiveEffect_ID) ON UPDATE CASCADE ON DELETE CASCADE, FOREIGN KEY (BaseObjectID) REFERENCES BaseObject (BaseObject_ID) ON UPDATE CASCADE ON DELETE CASCADE);

-- Table: Image
CREATE TABLE Image (Image_Type TEXT NOT NULL, Image_ID INTEGER NOT NULL, Pixels BLOB, PRIMARY KEY (Image_ID, Image_Type));

-- Table: Item
CREATE TABLE Item (Item_ID INTEGER PRIMARY KEY NOT NULL UNIQUE, BaseObjectID INTEGER REFERENCES BaseObject (BaseObject_ID) ON DELETE CASCADE ON UPDATE CASCADE DEFERRABLE INITIALLY DEFERRED NOT NULL, ToolID INTEGER NOT NULL, PermStatMods INTEGER NOT NULL, DefaultPrice INTEGER NOT NULL, Consumable BOOLEAN NOT NULL DEFAULT TRUE, TurnsInto INTEGER REFERENCES Item (Item_ID) ON DELETE SET NULL, FOREIGN KEY (ToolID) REFERENCES Tool ON UPDATE CASCADE ON DELETE CASCADE DEFERRABLE INITIALLY DEFERRED, FOREIGN KEY (PermStatMods) REFERENCES Stats (Stats_ID) ON DELETE CASCADE DEFERRABLE INITIALLY DEFERRED, FOREIGN KEY (BaseObjectID) REFERENCES BaseObject (BaseObject_ID) ON DELETE CASCADE ON UPDATE CASCADE DEFERRABLE INITIALLY DEFERRED, FOREIGN KEY (TurnsInto) REFERENCES Item (Item_ID) ON DELETE SET NULL);
INSERT INTO Item (Item_ID, BaseObjectID, ToolID, PermStatMods, DefaultPrice, Consumable, TurnsInto) VALUES (1, 28, 3, 25, 20, 1, NULL);

-- Table: Map
CREATE TABLE Map (Map_ID INTEGER PRIMARY KEY NOT NULL UNIQUE, BaseObjectID INTEGER, Width INTEGER NOT NULL, Height INTEGER NOT NULL, EnvironmentID INTEGER, FOREIGN KEY (BaseObjectID) REFERENCES BaseObject (BaseObject_ID) ON UPDATE CASCADE ON DELETE CASCADE DEFERRABLE INITIALLY DEFERRED, FOREIGN KEY (EnvironmentID) REFERENCES Environment (Environment_ID));

-- Table: Map_NPC
CREATE TABLE Map_NPC (SceneID INTEGER NOT NULL PRIMARY KEY, MapID INTEGER NOT NULL, CharacterSpriteID INTEGER, OtherSprite INTEGER, TriggerInteraction INTEGER NOT NULL, Speed INTEGER NOT NULL, Frequency INTEGER NOT NULL, FOREIGN KEY (SceneID) REFERENCES Scene (Scene_ID) ON UPDATE CASCADE ON DELETE CASCADE, FOREIGN KEY (MapID) REFERENCES Map (Map_ID) ON UPDATE CASCADE ON DELETE CASCADE, FOREIGN KEY (CharacterSpriteID) REFERENCES CharacterSprite (CharacterSprite_ID) ON DELETE CASCADE ON UPDATE CASCADE);

-- Table: Map_To_Platform
CREATE TABLE Map_To_Platform(
    MapID INTEGER NOT NULL,
    PlatformID INTEGER NOT NULL,
    PlatformImage INTEGER,
    Point1X INTEGER NOT NULL,
    Point1Y INTEGER NOT NULL,
    Point1Altitude INTEGER NOT NULL,
    Point2X INTEGER NOT NULL,
    Point2Y INTEGER NOT NULL,
    Point2Altitude INTEGER NOT NULL,
    Point3X INTEGER NOT NULL,
    Point3Y INTEGER NOT NULL,
    Point3Altitude INTEGER NOT NULL,
    Point4X INTEGER,
    Point4Y INTEGER,
    Point4Altitude INTEGER,
    GoUnder BOOLEAN NOT NULL,
    TeleportToX INTEGER,
    TeleportToY INTEGER,
    PRIMARY KEY (MapID, PlatformID),
    FOREIGN KEY (MapID) REFERENCES Map(Map_ID),
    FOREIGN KEY (PlatformID) REFERENCES Platform(Platform_ID)
);

-- Table: Message
CREATE TABLE Message (Message_ID INTEGER NOT NULL PRIMARY KEY, SceneID INTEGER NOT NULL, Dialogue TEXT NOT NULL, Image INTEGER, ImageMapX INTEGER, ImageMapY INTEGER, BackgroundEffect INTEGER, FOREIGN KEY (SceneID) REFERENCES Scene (SceneID) ON DELETE CASCADE ON UPDATE CASCADE);

-- Table: PassiveEffect
CREATE TABLE PassiveEffect (PassiveEffect_ID INTEGER PRIMARY KEY NOT NULL UNIQUE, ElementRates TEXT, HPRegen INTEGER NOT NULL DEFAULT 0, SPRegen INTEGER NOT NULL DEFAULT 0, SPConsumeRate INTEGER NOT NULL, ComboDifficulty INTEGER NOT NULL DEFAULT 100, TurnEnd1 INTEGER NOT NULL, TurnEnd2 INTEGER NOT NULL, TurnSequence INTEGER NOT NULL DEFAULT 0, RemoveByHit INTEGER NOT NULL DEFAULT 0, Counter INTEGER NOT NULL DEFAULT 0, Reflect INTEGER NOT NULL DEFAULT 0, PhysicalDamageRate INTEGER NOT NULL DEFAULT 100, MagicalDamageRate INTEGER NOT NULL DEFAULT 100, DisabledToolType1 INTEGER, DisabledToolType2 INTEGER, ExtraTurns INTEGER NOT NULL DEFAULT 0);
INSERT INTO PassiveEffect (PassiveEffect_ID, ElementRates, HPRegen, SPRegen, SPConsumeRate, ComboDifficulty, TurnEnd1, TurnEnd2, TurnSequence, RemoveByHit, Counter, Reflect, PhysicalDamageRate, MagicalDamageRate, DisabledToolType1, DisabledToolType2, ExtraTurns) VALUES (1, '', 0, 0, 100, 100, 0, 0, 0, 0, 0, 0, 100, 100, NULL, NULL, 0);
INSERT INTO PassiveEffect (PassiveEffect_ID, ElementRates, HPRegen, SPRegen, SPConsumeRate, ComboDifficulty, TurnEnd1, TurnEnd2, TurnSequence, RemoveByHit, Counter, Reflect, PhysicalDamageRate, MagicalDamageRate, DisabledToolType1, DisabledToolType2, ExtraTurns) VALUES (2, '', 0, 0, 100, 100, 0, 0, 0, 0, 0, 0, 100, 100, NULL, NULL, 0);

-- Table: PassiveEffect_To_State
CREATE TABLE PassiveEffect_To_State(
    PassiveEffectID INTEGER NOT NULL,
    StateID INTEGER NOT NULL,
    TableIndex INTEGER NOT NULL,
    Vulnerability INTEGER NOT NULL,
    PRIMARY KEY (PassiveEffectID, StateID),
    FOREIGN KEY (PassiveEffectID) REFERENCES PassiveEffect(PassiveEffect_ID) ON DELETE CASCADE ON UPDATE CASCADE,
    FOREIGN KEY (StateID) REFERENCES State(State_ID) ON DELETE CASCADE ON UPDATE CASCADE
);

-- Table: PassiveSkill
CREATE TABLE PassiveSkill (PassiveSkill_ID INTEGER PRIMARY KEY NOT NULL UNIQUE, BaseObjectID INTEGER NOT NULL, PassiveEffectID INTEGER NOT NULL, StatModifiers INTEGER NOT NULL REFERENCES Stats (Stats_ID), HPMin INTEGER NOT NULL DEFAULT 0, HPMax INTEGER NOT NULL DEFAULT 100, SPMin INTEGER NOT NULL DEFAULT 0, SPMax INTEGER NOT NULL DEFAULT 100, AnyState BOOLEAN NOT NULL DEFAULT FALSE, NoState BOOLEAN NOT NULL DEFAULT FALSE, StateActive1 INTEGER, StateActive2 INTEGER, StateInactive1 INTEGER, StateInactive2 INTEGER, ExpGainRate INTEGER NOT NULL DEFAULT 0, GoldGainRate INTEGER NOT NULL DEFAULT 0, AllyCondition INTEGER NOT NULL, FoeCondition INTEGER NOT NULL, UserCondition INTEGER NOT NULL, FOREIGN KEY (StateActive1) REFERENCES State (State_ID) ON DELETE SET NULL, FOREIGN KEY (StateActive2) REFERENCES State (State_ID) ON DELETE SET NULL, FOREIGN KEY (StateInactive1) REFERENCES State (State_ID) ON DELETE SET NULL, FOREIGN KEY (StateInactive2) REFERENCES State (State_ID) ON DELETE SET NULL, FOREIGN KEY (PassiveEffectID) REFERENCES PassiveEffect (PassiveEffect_ID) ON UPDATE CASCADE ON DELETE CASCADE, FOREIGN KEY (StatModifiers) REFERENCES Stats (Stats_ID), FOREIGN KEY (BaseObjectID) REFERENCES BaseObject (BaseObject_ID) ON UPDATE CASCADE ON DELETE CASCADE);
INSERT INTO PassiveSkill (PassiveSkill_ID, BaseObjectID, PassiveEffectID, StatModifiers, HPMin, HPMax, SPMin, SPMax, AnyState, NoState, StateActive1, StateActive2, StateInactive1, StateInactive2, ExpGainRate, GoldGainRate, AllyCondition, FoeCondition, UserCondition) VALUES (1, 30, 2, 27, 0, 100, 0, 100, 0, 0, NULL, NULL, NULL, NULL, 100, 100, 0, 0, 2);

-- Table: Platform
CREATE TABLE Platform (Platform_ID INTEGER NOT NULL PRIMARY KEY, BaseObjectID INTEGER NOT NULL REFERENCES BaseObject (BaseObject_ID) ON DELETE CASCADE ON UPDATE CASCADE, ForceDirection INTEGER NOT NULL, JumpDistance INTEGER NOT NULL, BounceVelocity DOUBLE NOT NULL, Slipperiness DOUBLE NOT NULL, HPLoss INTEGER NOT NULL, FOREIGN KEY (BaseObjectID) REFERENCES BaseObject (BaseObject_ID) ON DELETE CASCADE ON UPDATE CASCADE);

-- Table: Player
CREATE TABLE Player (Player_ID INTEGER PRIMARY KEY NOT NULL UNIQUE, BaseObjectID INTEGER NOT NULL, NaturalStats INTEGER NOT NULL, ElementRates TEXT, Companionship INTEGER NOT NULL DEFAULT (100), SavePartnerRate INTEGER NOT NULL DEFAULT (100), CounterattackRate INTEGER NOT NULL DEFAULT (100), AssistDamageRate INTEGER NOT NULL DEFAULT (100), FOREIGN KEY (BaseObjectID) REFERENCES BaseObject (BaseObject_ID) ON UPDATE CASCADE ON DELETE CASCADE DEFERRABLE INITIALLY DEFERRED, FOREIGN KEY (NaturalStats) REFERENCES Stats (Stats_ID));
INSERT INTO Player (Player_ID, BaseObjectID, NaturalStats, ElementRates, Companionship, SavePartnerRate, CounterattackRate, AssistDamageRate) VALUES (1, 22, 22, '', 100, 100, 100, 100);

-- Table: Player_To_BattlerClass
CREATE TABLE Player_To_BattlerClass(
    PlayerID INTEGER NOT NULL,
    BattlerClassID INTEGER NOT NULL,
    TableIndex INTEGER NOT NULL,
    PRIMARY KEY (PlayerID, BattlerClassID),
    FOREIGN KEY (PlayerID) REFERENCES Player(Player_ID) ON DELETE CASCADE ON UPDATE CASCADE DEFERRABLE INITIALLY DEFERRED
    FOREIGN KEY (BattlerClassID) REFERENCES BattlerClass(BattlerClass_ID) ON DELETE CASCADE ON UPDATE CASCADE DEFERRABLE INITIALLY DEFERRED
);
INSERT INTO Player_To_BattlerClass (PlayerID, BattlerClassID, TableIndex) VALUES (1, 13, 0);
INSERT INTO Player_To_BattlerClass (PlayerID, BattlerClassID, TableIndex) VALUES (1, 2, 1);
INSERT INTO Player_To_BattlerClass (PlayerID, BattlerClassID, TableIndex) VALUES (1, 4, 2);
INSERT INTO Player_To_BattlerClass (PlayerID, BattlerClassID, TableIndex) VALUES (1, 7, 3);
INSERT INTO Player_To_BattlerClass (PlayerID, BattlerClassID, TableIndex) VALUES (1, 5, 4);
INSERT INTO Player_To_BattlerClass (PlayerID, BattlerClassID, TableIndex) VALUES (1, 6, 5);
INSERT INTO Player_To_BattlerClass (PlayerID, BattlerClassID, TableIndex) VALUES (1, 9, 6);
INSERT INTO Player_To_BattlerClass (PlayerID, BattlerClassID, TableIndex) VALUES (1, 15, 7);
INSERT INTO Player_To_BattlerClass (PlayerID, BattlerClassID, TableIndex) VALUES (1, 17, 8);
INSERT INTO Player_To_BattlerClass (PlayerID, BattlerClassID, TableIndex) VALUES (1, 12, 9);
INSERT INTO Player_To_BattlerClass (PlayerID, BattlerClassID, TableIndex) VALUES (1, 11, 10);
INSERT INTO Player_To_BattlerClass (PlayerID, BattlerClassID, TableIndex) VALUES (1, 16, 11);
INSERT INTO Player_To_BattlerClass (PlayerID, BattlerClassID, TableIndex) VALUES (1, 8, 12);
INSERT INTO Player_To_BattlerClass (PlayerID, BattlerClassID, TableIndex) VALUES (1, 18, 13);
INSERT INTO Player_To_BattlerClass (PlayerID, BattlerClassID, TableIndex) VALUES (1, 10, 14);
INSERT INTO Player_To_BattlerClass (PlayerID, BattlerClassID, TableIndex) VALUES (1, 1, 15);
INSERT INTO Player_To_BattlerClass (PlayerID, BattlerClassID, TableIndex) VALUES (1, 19, 16);
INSERT INTO Player_To_BattlerClass (PlayerID, BattlerClassID, TableIndex) VALUES (1, 14, 17);
INSERT INTO Player_To_BattlerClass (PlayerID, BattlerClassID, TableIndex) VALUES (1, 20, 18);
INSERT INTO Player_To_BattlerClass (PlayerID, BattlerClassID, TableIndex) VALUES (1, 3, 19);

-- Table: Player_To_Player
CREATE TABLE Player_To_Player(
    PlayerID INTEGER NOT NULL,
    OtherPlayerID INTEGER NOT NULL,
    TableIndex INTEGER NOT NULL,
    CompanionshipTo INTEGER NOT NULL,
    PRIMARY KEY (PlayerID, OtherPlayerID),
    FOREIGN KEY (PlayerID) REFERENCES Player(Player_ID) ON DELETE CASCADE ON UPDATE CASCADE DEFERRABLE INITIALLY DEFERRED
    FOREIGN KEY (OtherPlayerID) REFERENCES Player(Player_ID) ON DELETE CASCADE ON UPDATE CASCADE DEFERRABLE INITIALLY DEFERRED
);

-- Table: Player_To_Skill
CREATE TABLE Player_To_Skill(
    PlayerID INTEGER NOT NULL,
    SkillID INTEGER NOT NULL,
    TableIndex INTEGER NOT NULL,
    LevelRequired INTEGER NOT NULL,
    PRIMARY KEY (PlayerID, SkillID),
    FOREIGN KEY (PlayerID) REFERENCES Player(Player_ID) ON DELETE CASCADE ON UPDATE CASCADE DEFERRABLE INITIALLY DEFERRED
    FOREIGN KEY (SkillID) REFERENCES Skill(Skill_ID) ON DELETE CASCADE ON UPDATE CASCADE DEFERRABLE INITIALLY DEFERRED
);

-- Table: Player_To_State
CREATE TABLE Player_To_State(
    PlayerID INTEGER NOT NULL,
    StateID INTEGER NOT NULL,
    TableIndex INTEGER NOT NULL,
    Vulnerability INTEGER NOT NULL,
    PRIMARY KEY (PlayerID, StateID),
    FOREIGN KEY (PlayerID) REFERENCES Player(Player_ID) ON DELETE CASCADE ON UPDATE CASCADE DEFERRABLE INITIALLY DEFERRED
    FOREIGN KEY (StateID) REFERENCES State(State_ID) ON DELETE CASCADE ON UPDATE CASCADE DEFERRABLE INITIALLY DEFERRED
);

-- Table: Scene
CREATE TABLE Scene(
    Scene_ID INTEGER PRIMARY KEY
);

-- Table: Scene_To_Message
CREATE TABLE Scene_To_Message(
    SceneID INTEGER NOT NULL,
    MessageID INTEGER NOT NULL,
    MessageIndex INTEGER NOT NULL,
    PRIMARY KEY (SceneID, MessageID),
    FOREIGN KEY (SceneID) REFERENCES Scene(Scene_ID),
    FOREIGN KEY (MessageID) REFERENCES Message(Message_ID)
);

-- Table: Skill
CREATE TABLE Skill (Skill_ID INTEGER PRIMARY KEY NOT NULL UNIQUE, BaseObjectID INTEGER NOT NULL, ToolID INTEGER NOT NULL, SPConsume INTEGER NOT NULL DEFAULT (0), NumberOfUsers INTEGER NOT NULL DEFAULT 1, ShareTurns BOOLEAN DEFAULT FALSE, Charge INTEGER NOT NULL DEFAULT 0, WarmUp INTEGER NOT NULL DEFAULT 0, CoolDown INTEGER NOT NULL DEFAULT 0, Steal BOOLEAN DEFAULT FALSE NOT NULL, FOREIGN KEY (BaseObjectID) REFERENCES BaseObject (BaseObject_ID) ON DELETE CASCADE ON UPDATE CASCADE DEFERRABLE INITIALLY DEFERRED, FOREIGN KEY (ToolID) REFERENCES Tool (Tool_ID) ON DELETE CASCADE ON UPDATE CASCADE DEFERRABLE INITIALLY DEFERRED);
INSERT INTO Skill (Skill_ID, BaseObjectID, ToolID, SPConsume, NumberOfUsers, ShareTurns, Charge, WarmUp, CoolDown, Steal) VALUES (1, 24, 1, 0, 0, 'FALSE', 0, 0, 0, 0);
INSERT INTO Skill (Skill_ID, BaseObjectID, ToolID, SPConsume, NumberOfUsers, ShareTurns, Charge, WarmUp, CoolDown, Steal) VALUES (2, 25, 2, 0, 0, 'FALSE', 0, 0, 0, 0);

-- Table: Skill_To_Enemy
CREATE TABLE Skill_To_Enemy(
    SkillID INTEGER NOT NULL,
    EnemyID INTEGER NOT NULL,
    TableIndex INTEGER NOT NULL,
    Response INTEGER NOT NULL,
    PRIMARY KEY (SkillID, EnemyID),
    FOREIGN KEY (SkillID) REFERENCES Skill(Skill_ID) ON DELETE CASCADE ON UPDATE CASCADE DEFERRABLE INITIALLY DEFERRED
    FOREIGN KEY (EnemyID) REFERENCES Enemy(Enemy_ID) ON DELETE CASCADE ON UPDATE CASCADE DEFERRABLE INITIALLY DEFERRED
);

-- Table: Skill_To_Player
CREATE TABLE Skill_To_Player(
    SkillID INTEGER NOT NULL,
    PlayerID INTEGER NOT NULL,
    TableIndex INTEGER NOT NULL,
    Response INTEGER NOT NULL,
    PRIMARY KEY (SkillID, PlayerID),
    FOREIGN KEY (SkillID) REFERENCES Skill(Skill_ID) ON DELETE CASCADE ON UPDATE CASCADE DEFERRABLE INITIALLY DEFERRED
    FOREIGN KEY (PlayerID) REFERENCES Player(Player_ID) ON DELETE CASCADE ON UPDATE CASCADE DEFERRABLE INITIALLY DEFERRED
);

-- Table: State
CREATE TABLE State (State_ID INTEGER PRIMARY KEY NOT NULL UNIQUE, BaseObjectID INTEGER NOT NULL, PassiveEffectID INTEGER NOT NULL, StatModifiers INTEGER NOT NULL REFERENCES Stats (Stats_ID), MaxStack INTEGER NOT NULL DEFAULT 0, StepsToRemove INTEGER NOT NULL DEFAULT 0, ContactSpreadRate INTEGER NOT NULL DEFAULT FALSE, Stun BOOLEAN NOT NULL DEFAULT FALSE, Petrify BOOLEAN NOT NULL DEFAULT FALSE, KO BOOLEAN NOT NULL DEFAULT FALSE, FOREIGN KEY (PassiveEffectID) REFERENCES PassiveEffect (PassiveEffect_ID) ON UPDATE CASCADE ON DELETE CASCADE, FOREIGN KEY (StatModifiers) REFERENCES Stats (Stats_ID), FOREIGN KEY (BaseObjectID) REFERENCES BaseObject (BaseObject_ID) ON UPDATE CASCADE ON DELETE CASCADE);
INSERT INTO State (State_ID, BaseObjectID, PassiveEffectID, StatModifiers, MaxStack, StepsToRemove, ContactSpreadRate, Stun, Petrify, KO) VALUES (1, 23, 1, 23, 1, 0, 0, 0, 0, 1);

-- Table: Stats
CREATE TABLE Stats (Stats_ID INTEGER PRIMARY KEY NOT NULL UNIQUE, HP DOUBLE NOT NULL, Atk DOUBLE NOT NULL, Def DOUBLE NOT NULL, Map DOUBLE NOT NULL, Mar DOUBLE NOT NULL, Spd DOUBLE NOT NULL, Tec DOUBLE NOT NULL, Luk DOUBLE NOT NULL, Acc INTEGER NOT NULL DEFAULT 100, Eva INTEGER NOT NULL DEFAULT 100, Crt INTEGER NOT NULL DEFAULT 100, Cev INTEGER NOT NULL DEFAULT 100);
INSERT INTO Stats (Stats_ID, HP, Atk, Def, Map, Mar, Spd, Tec, Luk, Acc, Eva, Crt, Cev) VALUES (1, 3, 3, 3, 2.5, 2.5, 3, 3, 3, 100, 100, 100, 100);
INSERT INTO Stats (Stats_ID, HP, Atk, Def, Map, Mar, Spd, Tec, Luk, Acc, Eva, Crt, Cev) VALUES (2, 6, 6, 6, 6, 6, 6, 6, 6, 100, 100, 100, 100);
INSERT INTO Stats (Stats_ID, HP, Atk, Def, Map, Mar, Spd, Tec, Luk, Acc, Eva, Crt, Cev) VALUES (3, 5.5, 5, 3.5, 1.5, 1, 2, 1, 2, 100, 100, 100, 100);
INSERT INTO Stats (Stats_ID, HP, Atk, Def, Map, Mar, Spd, Tec, Luk, Acc, Eva, Crt, Cev) VALUES (4, 8.5, 7, 6.5, 4, 6, 4, 4.5, 6, 100, 100, 100, 100);
INSERT INTO Stats (Stats_ID, HP, Atk, Def, Map, Mar, Spd, Tec, Luk, Acc, Eva, Crt, Cev) VALUES (5, 7.5, 8.5, 5.5, 4, 4, 6.5, 4, 6, 100, 100, 100, 100);
INSERT INTO Stats (Stats_ID, HP, Atk, Def, Map, Mar, Spd, Tec, Luk, Acc, Eva, Crt, Cev) VALUES (6, 1.5, 3.5, 2, 1, 1.5, 5.5, 5, 3.5, 100, 100, 100, 100);
INSERT INTO Stats (Stats_ID, HP, Atk, Def, Map, Mar, Spd, Tec, Luk, Acc, Eva, Crt, Cev) VALUES (7, 5, 6.5, 6, 4.5, 4, 7, 8.5, 7, 100, 100, 100, 100);
INSERT INTO Stats (Stats_ID, HP, Atk, Def, Map, Mar, Spd, Tec, Luk, Acc, Eva, Crt, Cev) VALUES (8, 1, 0, 1, 5.5, 3, 4.5, 4, 3.5, 100, 100, 100, 100);
INSERT INTO Stats (Stats_ID, HP, Atk, Def, Map, Mar, Spd, Tec, Luk, Acc, Eva, Crt, Cev) VALUES (9, 5, 4, 4, 8.5, 7, 7.5, 6.5, 6.5, 100, 100, 100, 100);
INSERT INTO Stats (Stats_ID, HP, Atk, Def, Map, Mar, Spd, Tec, Luk, Acc, Eva, Crt, Cev) VALUES (10, 4, 7.5, 5, 7.5, 4.5, 8.5, 6, 4, 100, 100, 100, 100);
INSERT INTO Stats (Stats_ID, HP, Atk, Def, Map, Mar, Spd, Tec, Luk, Acc, Eva, Crt, Cev) VALUES (11, 3, 4, 5.5, 3.5, 4.5, 1, 2, 1, 100, 100, 100, 100);
INSERT INTO Stats (Stats_ID, HP, Atk, Def, Map, Mar, Spd, Tec, Luk, Acc, Eva, Crt, Cev) VALUES (12, 6, 7, 8.5, 6, 6.5, 4.5, 5.5, 6, 100, 100, 100, 100);
INSERT INTO Stats (Stats_ID, HP, Atk, Def, Map, Mar, Spd, Tec, Luk, Acc, Eva, Crt, Cev) VALUES (13, 2, 1, 1, 3, 5, 3, 2, 5, 100, 100, 100, 100);
INSERT INTO Stats (Stats_ID, HP, Atk, Def, Map, Mar, Spd, Tec, Luk, Acc, Eva, Crt, Cev) VALUES (14, 6, 4, 6, 5.5, 8.5, 6, 6, 7.5, 100, 100, 100, 100);
INSERT INTO Stats (Stats_ID, HP, Atk, Def, Map, Mar, Spd, Tec, Luk, Acc, Eva, Crt, Cev) VALUES (15, 7, 5.5, 7.5, 6.5, 5.5, 4.5, 6.5, 5, 100, 100, 100, 100);
INSERT INTO Stats (Stats_ID, HP, Atk, Def, Map, Mar, Spd, Tec, Luk, Acc, Eva, Crt, Cev) VALUES (16, 4.5, 2.5, 4, 0, 3.5, 1.5, 3.5, 2.5, 100, 100, 100, 100);
INSERT INTO Stats (Stats_ID, HP, Atk, Def, Map, Mar, Spd, Tec, Luk, Acc, Eva, Crt, Cev) VALUES (17, 6.5, 4.5, 7, 5.5, 6.5, 5, 5, 6, 100, 100, 100, 100);
INSERT INTO Stats (Stats_ID, HP, Atk, Def, Map, Mar, Spd, Tec, Luk, Acc, Eva, Crt, Cev) VALUES (18, 3, 3, 2.5, 2.5, 2, 2.5, 4.5, 3, 100, 100, 100, 100);
INSERT INTO Stats (Stats_ID, HP, Atk, Def, Map, Mar, Spd, Tec, Luk, Acc, Eva, Crt, Cev) VALUES (19, 5.5, 6.5, 5.5, 6.5, 5.5, 5, 7.5, 5.5, 100, 100, 100, 100);
INSERT INTO Stats (Stats_ID, HP, Atk, Def, Map, Mar, Spd, Tec, Luk, Acc, Eva, Crt, Cev) VALUES (20, 5.5, 6, 4.5, 4.5, 7.5, 7, 6.5, 8.5, 100, 100, 100, 100);
INSERT INTO Stats (Stats_ID, HP, Atk, Def, Map, Mar, Spd, Tec, Luk, Acc, Eva, Crt, Cev) VALUES (21, 6, 4, 7, 5, 7, 6, 7, 5, 100, 100, 100, 100);
INSERT INTO Stats (Stats_ID, HP, Atk, Def, Map, Mar, Spd, Tec, Luk, Acc, Eva, Crt, Cev) VALUES (22, 0, 0, 0, 0, 0, 0, 0, 0, 100, 100, 100, 100);
INSERT INTO Stats (Stats_ID, HP, Atk, Def, Map, Mar, Spd, Tec, Luk, Acc, Eva, Crt, Cev) VALUES (23, 100, 100, 100, 100, 100, 100, 100, 100, 100, 100, 100, 100);
INSERT INTO Stats (Stats_ID, HP, Atk, Def, Map, Mar, Spd, Tec, Luk, Acc, Eva, Crt, Cev) VALUES (24, 8.5, 0, 5, 0, 5, 0, 0, 0, 100, 100, 100, 100);
INSERT INTO Stats (Stats_ID, HP, Atk, Def, Map, Mar, Spd, Tec, Luk, Acc, Eva, Crt, Cev) VALUES (25, 0, 0, 0, 0, 0, 0, 0, 0, 100, 100, 100, 100);
INSERT INTO Stats (Stats_ID, HP, Atk, Def, Map, Mar, Spd, Tec, Luk, Acc, Eva, Crt, Cev) VALUES (26, 0, 7, 0, 0, 0, 0, 0, 0, 100, 100, 100, 100);
INSERT INTO Stats (Stats_ID, HP, Atk, Def, Map, Mar, Spd, Tec, Luk, Acc, Eva, Crt, Cev) VALUES (27, 100, 100, 100, 100, 100, 100, 100, 100, 100, 100, 100, 100);

-- Table: Tool
CREATE TABLE Tool (Tool_ID INTEGER PRIMARY KEY NOT NULL UNIQUE, Type INTEGER NOT NULL, Formula INTEGER DEFAULT NULL, HPSPModType INTEGER NOT NULL DEFAULT NULL, HPAmount INTEGER NOT NULL DEFAULT (0), SPAmount INTEGER NOT NULL DEFAULT (0), HPPercent INTEGER NOT NULL DEFAULT (0), SPPercent INTEGER NOT NULL DEFAULT (0), HPRecoil INTEGER NOT NULL DEFAULT 0, Scope INTEGER NOT NULL DEFAULT NULL, ConsecutiveActs INTEGER NOT NULL DEFAULT (1), RandomActs INTEGER NOT NULL DEFAULT (0), Element INTEGER DEFAULT NULL, Power INTEGER NOT NULL DEFAULT 100, Accuracy INTEGER NOT NULL DEFAULT 100, CriticalRate INTEGER NOT NULL DEFAULT (100), Priority INTEGER NOT NULL DEFAULT 0, ClassExclusive1 INTEGER REFERENCES BattlerClass ON DELETE SET NULL, ClassExclusive2 INTEGER REFERENCES BattlerClass ON DELETE SET NULL);
INSERT INTO Tool (Tool_ID, Type, Formula, HPSPModType, HPAmount, SPAmount, HPPercent, SPPercent, HPRecoil, Scope, ConsecutiveActs, RandomActs, Element, Power, Accuracy, CriticalRate, Priority, ClassExclusive1, ClassExclusive2) VALUES (1, -1, -1, 0, 0, 0, 0, 0, 0, 1, 1, 0, 0, 10, 100, 3, 0, NULL, NULL);
INSERT INTO Tool (Tool_ID, Type, Formula, HPSPModType, HPAmount, SPAmount, HPPercent, SPPercent, HPRecoil, Scope, ConsecutiveActs, RandomActs, Element, Power, Accuracy, CriticalRate, Priority, ClassExclusive1, ClassExclusive2) VALUES (2, -1, -1, 0, 0, 0, 0, 0, 0, 1, 1, 0, 0, 10, 100, 3, 0, NULL, NULL);
INSERT INTO Tool (Tool_ID, Type, Formula, HPSPModType, HPAmount, SPAmount, HPPercent, SPPercent, HPRecoil, Scope, ConsecutiveActs, RandomActs, Element, Power, Accuracy, CriticalRate, Priority, ClassExclusive1, ClassExclusive2) VALUES (3, -1, -1, 0, 20, 0, 0, 0, 0, 7, 1, 0, 0, 0, 1000, 0, 0, NULL, NULL);
INSERT INTO Tool (Tool_ID, Type, Formula, HPSPModType, HPAmount, SPAmount, HPPercent, SPPercent, HPRecoil, Scope, ConsecutiveActs, RandomActs, Element, Power, Accuracy, CriticalRate, Priority, ClassExclusive1, ClassExclusive2) VALUES (4, 0, 0, 1, 0, 0, 0, 0, 0, 1, 1, 0, 0, 10, 100, 3, 0, NULL, NULL);

-- Table: Tool_To_State_Give
CREATE TABLE Tool_To_State_Give(
    ToolID INTEGER NOT NULL,
    StateID INTEGER NOT NULL,
    TableIndex INTEGER NOT NULL,
    Chance INTEGER NOT NULL,
    PRIMARY KEY (ToolID, StateID),
    FOREIGN KEY (ToolID) REFERENCES Tool(Tool_ID) ON DELETE CASCADE ON UPDATE CASCADE DEFERRABLE INITIALLY DEFERRED
    FOREIGN KEY (StateID) REFERENCES State(State_ID) ON DELETE CASCADE ON UPDATE CASCADE DEFERRABLE INITIALLY DEFERRED
);

-- Table: Tool_To_State_Receive
CREATE TABLE Tool_To_State_Receive (
    ToolID     INTEGER NOT NULL,
    StateID    INTEGER NOT NULL,
    TableIndex INTEGER NOT NULL,
    Chance     INTEGER NOT NULL,
    PRIMARY KEY (
        ToolID,
        StateID
    ),
    FOREIGN KEY (
        ToolID
    )
    REFERENCES Tool ON UPDATE CASCADE
                    ON DELETE CASCADE DEFERRABLE INITIALLY DEFERRED,
    FOREIGN KEY (
        StateID
    )
    REFERENCES State ON UPDATE CASCADE
                     ON DELETE CASCADE DEFERRABLE INITIALLY DEFERRED
);

-- Table: TypesLists
CREATE TABLE TypesLists (List_Type TEXT NOT NULL, List_ID INTEGER NOT NULL, Name TEXT, PRIMARY KEY (List_Type, List_ID));
INSERT INTO TypesLists (List_Type, List_ID, Name) VALUES ('Elements', 0, 'Normal');
INSERT INTO TypesLists (List_Type, List_ID, Name) VALUES ('Elements', 1, 'Fire');
INSERT INTO TypesLists (List_Type, List_ID, Name) VALUES ('Elements', 2, 'Ice');
INSERT INTO TypesLists (List_Type, List_ID, Name) VALUES ('Elements', 3, 'Earth');
INSERT INTO TypesLists (List_Type, List_ID, Name) VALUES ('Elements', 4, 'Wind');
INSERT INTO TypesLists (List_Type, List_ID, Name) VALUES ('Elements', 5, 'Thunder');
INSERT INTO TypesLists (List_Type, List_ID, Name) VALUES ('Elements', 6, 'Light');
INSERT INTO TypesLists (List_Type, List_ID, Name) VALUES ('Weapon Types', 0, 'Blade');
INSERT INTO TypesLists (List_Type, List_ID, Name) VALUES ('Weapon Types', 1, 'Hammer');
INSERT INTO TypesLists (List_Type, List_ID, Name) VALUES ('Weapon Types', 2, 'Gloves');
INSERT INTO TypesLists (List_Type, List_ID, Name) VALUES ('Weapon Types', 3, 'Gun');
INSERT INTO TypesLists (List_Type, List_ID, Name) VALUES ('Weapon Types', 4, 'Tools');
INSERT INTO TypesLists (List_Type, List_ID, Name) VALUES ('Tool Formulas', 0, 'Physical Standard');
INSERT INTO TypesLists (List_Type, List_ID, Name) VALUES ('Tool Formulas', 1, 'Magical Standard');
INSERT INTO TypesLists (List_Type, List_ID, Name) VALUES ('Tool Types', 0, 'Physical Offense');
INSERT INTO TypesLists (List_Type, List_ID, Name) VALUES ('Tool Types', 1, 'Physical Defense');
INSERT INTO TypesLists (List_Type, List_ID, Name) VALUES ('Tool Types', 2, 'Magical Offense');
INSERT INTO TypesLists (List_Type, List_ID, Name) VALUES ('Tool Types', 3, 'Magical Defense');
INSERT INTO TypesLists (List_Type, List_ID, Name) VALUES ('Tool Types', 4, 'General Offense');
INSERT INTO TypesLists (List_Type, List_ID, Name) VALUES ('Tool Types', 5, 'General Defense');
INSERT INTO TypesLists (List_Type, List_ID, Name) VALUES ('Tool Formulas', 2, 'Mixed Standard');
INSERT INTO TypesLists (List_Type, List_ID, Name) VALUES ('Elements', 7, 'Dark');
INSERT INTO TypesLists (List_Type, List_ID, Name) VALUES ('Weapon Types', 5, 'Camera');

-- Table: Weapon
CREATE TABLE Weapon (Weapon_ID INTEGER PRIMARY KEY NOT NULL UNIQUE, BaseObjectID INTEGER NOT NULL, ToolID INTEGER NOT NULL, EquipBoosts INTEGER REFERENCES Stats (Stats_ID) NOT NULL, WeaponType INTEGER NOT NULL, Range INTEGER NOT NULL DEFAULT 6, CollideRange BOOLEAN NOT NULL, DefaultPrice INTEGER NOT NULL, DefaultQuantity INTEGER NOT NULL DEFAULT FALSE, FOREIGN KEY (BaseObjectID) REFERENCES BaseObject (BaseObject_ID) ON DELETE CASCADE ON UPDATE CASCADE DEFERRABLE INITIALLY DEFERRED, FOREIGN KEY (ToolID) REFERENCES Tool (Tool_ID) ON UPDATE CASCADE ON DELETE CASCADE DEFERRABLE INITIALLY DEFERRED, FOREIGN KEY (EquipBoosts) REFERENCES Stats (Stats_ID));
INSERT INTO Weapon (Weapon_ID, BaseObjectID, ToolID, EquipBoosts, WeaponType, Range, CollideRange, DefaultPrice, DefaultQuantity) VALUES (1, 29, 4, 26, 0, 2, 1, 100, 0);

-- Trigger: UpdateDateTime
CREATE TRIGGER UpdateDateTime AFTER UPDATE OF Name, Description ON BaseObject
BEGIN
    UPDATE BaseObject SET Updated = DateTime('now', 'localtime')  WHERE BaseObject_ID = NEW.BaseObject_ID;
END;

COMMIT TRANSACTION;
PRAGMA foreign_keys = on;
